Entity,Code,Year,Pri_adj_Enroll_% â€“ Lee-Lee (2016) (%)
Afghanistan,AFG,1870,0
Cambodia,KHM,1870,0
Democratic Republic of Congo,COD,1870,0
Haiti,HTI,1870,0
Kuwait,KWT,1870,0
Mali,MLI,1870,0
Nepal,NPL,1870,0
Niger,NER,1870,0
South Korea,KOR,1870,0
Swaziland,SWZ,1870,0
Taiwan,TWN,1870,0
Uganda,UGA,1870,0
Yemen,YEM,1870,0
Zambia,ZMB,1870,0
Zimbabwe,ZWE,1870,0
Benin,BEN,1870,0.1
China,CHN,1870,0.1
Iran,IRN,1870,0.1
Libya,LBY,1870,0.1
Malawi,MWI,1870,0.1
Morocco,MAR,1870,0.1
Cote d'Ivoire,CIV,1870,0.2
Fiji,FJI,1870,0.2
Iraq,IRQ,1870,0.2
Mozambique,MOZ,1870,0.2
Pakistan,PAK,1870,0.2
Senegal,SEN,1870,0.2
Sudan,SDN,1870,0.2
Tunisia,TUN,1870,0.2
Indonesia,IDN,1870,0.3
Kenya,KEN,1870,0.3
Thailand,THA,1870,0.3
Cameroon,CMR,1870,0.4
Jordan,JOR,1870,0.4
Togo,TGO,1870,0.5
Bangladesh,BGD,1870,0.6
Ghana,GHA,1870,0.6
Syria,SYR,1870,0.6
Turkey,TUR,1870,0.6
Sierra Leone,SLE,1870,0.8
Egypt,EGY,1870,1.1
Malaysia,MYS,1870,1.1
Venezuela,VEN,1870,1.2
India,IND,1870,1.5
Albania,ALB,1870,1.8
Liberia,LBR,1870,2.1
Luxembourg,LUX,1870,2.3
Peru,PER,1870,2.3
Hong Kong,HKG,1870,2.6
Lesotho,LSO,1870,2.7
Bolivia,BOL,1870,3.3
Gambia,GMB,1870,3.4
Serbia,SRB,1870,3.4
Philippines,PHL,1870,3.6
Paraguay,PRY,1870,4.2
Panama,PAN,1870,5.3
Dominican Republic,DOM,1870,5.9
Algeria,DZA,1870,6.1
Myanmar,MMR,1870,7.4
Sri Lanka,LKA,1870,7.4
Romania,ROU,1870,7.7
Brazil,BRA,1870,8.2
Cuba,CUB,1870,8.3
Finland,FIN,1870,8.7
Nicaragua,NIC,1870,9.5
Russia,RUS,1870,9.8
Guatemala,GTM,1870,11
Ecuador,ECU,1870,11.9
El Salvador,SLV,1870,12.2
Mauritius,MUS,1870,12.2
Honduras,HND,1870,13.1
Reunion,REU,1870,16.2
Chile,CHL,1870,16.9
Cyprus,CYP,1870,17
Trinidad and Tobago,TTO,1870,17
Uruguay,URY,1870,17.7
Colombia,COL,1870,17.8
Malta,MLT,1870,19
Costa Rica,CRI,1870,19.5
Argentina,ARG,1870,20.9
Belize,BLZ,1870,21.9
South Africa,ZAF,1870,23.6
Mexico,MEX,1870,25.6
Portugal,PRT,1870,26.5
Iceland,ISL,1870,29.7
Greece,GRC,1870,30.1
Ireland,IRL,1870,32.5
Jamaica,JAM,1870,32.9
Bulgaria,BGR,1870,34.2
Poland,POL,1870,38.5
Hungary,HUN,1870,39
United Kingdom,GBR,1870,39
Japan,JPN,1870,41.4
Barbados,BRB,1870,42.8
Guyana,GUY,1870,43.2
Austria,AUT,1870,46.8
Germany,DEU,1870,49.6
Italy,ITA,1870,49.7
Spain,ESP,1870,52.5
Belgium,BEL,1870,72
Czech Republic,CZE,1870,72.6
Norway,NOR,1870,74.2
Australia,AUS,1870,76.5
New Zealand,NZL,1870,79.9
Netherlands,NLD,1870,80.1
Canada,CAN,1870,81.9
Switzerland,CHE,1870,87.4
Denmark,DNK,1870,95
France,FRA,1870,100
Sweden,SWE,1870,100
United States,USA,1870,100
Afghanistan,AFG,1875,0
Cambodia,KHM,1875,0
Democratic Republic of Congo,COD,1875,0
Haiti,HTI,1875,0
Kuwait,KWT,1875,0
Mali,MLI,1875,0
Nepal,NPL,1875,0
Niger,NER,1875,0
South Korea,KOR,1875,0
Swaziland,SWZ,1875,0
Taiwan,TWN,1875,0
Uganda,UGA,1875,0
Zambia,ZMB,1875,0
Zimbabwe,ZWE,1875,0
China,CHN,1875,0.1
Iran,IRN,1875,0.1
Libya,LBY,1875,0.1
Malawi,MWI,1875,0.1
Morocco,MAR,1875,0.1
Yemen,YEM,1875,0.1
Benin,BEN,1875,0.2
Iraq,IRQ,1875,0.2
Mozambique,MOZ,1875,0.2
Pakistan,PAK,1875,0.2
Senegal,SEN,1875,0.2
Sudan,SDN,1875,0.2
Tunisia,TUN,1875,0.2
Cote d'Ivoire,CIV,1875,0.3
Fiji,FJI,1875,0.3
Kenya,KEN,1875,0.4
Indonesia,IDN,1875,0.5
Jordan,JOR,1875,0.5
Thailand,THA,1875,0.5
Cameroon,CMR,1875,0.6
Togo,TGO,1875,0.6
Bangladesh,BGD,1875,0.8
Ghana,GHA,1875,0.8
Syria,SYR,1875,0.8
Turkey,TUR,1875,0.8
Sierra Leone,SLE,1875,1
Egypt,EGY,1875,1.5
Venezuela,VEN,1875,1.5
Malaysia,MYS,1875,1.6
Albania,ALB,1875,2.3
Liberia,LBR,1875,2.6
Luxembourg,LUX,1875,2.9
India,IND,1875,3
Peru,PER,1875,3.4
Lesotho,LSO,1875,4
Bolivia,BOL,1875,4.2
Gambia,GMB,1875,4.3
Hong Kong,HKG,1875,4.8
Philippines,PHL,1875,4.8
Paraguay,PRY,1875,5.4
Serbia,SRB,1875,6.2
Panama,PAN,1875,6.6
Dominican Republic,DOM,1875,7.5
Algeria,DZA,1875,7.6
Romania,ROU,1875,8.9
Brazil,BRA,1875,9.3
Cuba,CUB,1875,10.5
Finland,FIN,1875,10.5
Russia,RUS,1875,11
Nicaragua,NIC,1875,11.8
Sri Lanka,LKA,1875,11.9
Myanmar,MMR,1875,12.5
Guatemala,GTM,1875,13.1
Ecuador,ECU,1875,14.7
El Salvador,SLV,1875,14.7
Honduras,HND,1875,16
Mauritius,MUS,1875,16.5
Chile,CHL,1875,17.1
Argentina,ARG,1875,18.6
Colombia,COL,1875,20
Cyprus,CYP,1875,20.1
Reunion,REU,1875,20.1
Uruguay,URY,1875,21.2
Malta,MLT,1875,22.4
Costa Rica,CRI,1875,23.6
Belize,BLZ,1875,26.6
Mexico,MEX,1875,27.1
South Africa,ZAF,1875,29.3
Trinidad and Tobago,TTO,1875,31.5
Iceland,ISL,1875,32.2
Portugal,PRT,1875,32.5
Greece,GRC,1875,33.4
Barbados,BRB,1875,35.6
Ireland,IRL,1875,35.6
Bulgaria,BGR,1875,36.1
Poland,POL,1875,41.1
Guyana,GUY,1875,44.4
Jamaica,JAM,1875,46.7
United Kingdom,GBR,1875,49.8
Hungary,HUN,1875,49.9
Germany,DEU,1875,52.9
Austria,AUT,1875,54.2
Spain,ESP,1875,56.2
Italy,ITA,1875,57
Japan,JPN,1875,59.4
Czech Republic,CZE,1875,74.4
Belgium,BEL,1875,76.3
Norway,NOR,1875,76.3
Netherlands,NLD,1875,81.4
New Zealand,NZL,1875,81.6
Canada,CAN,1875,84.6
Australia,AUS,1875,88.2
Switzerland,CHE,1875,90
Denmark,DNK,1875,97.5
France,FRA,1875,100
Sweden,SWE,1875,100
United States,USA,1875,100
Afghanistan,AFG,1880,0
Cambodia,KHM,1880,0
Democratic Republic of Congo,COD,1880,0
Haiti,HTI,1880,0
Kuwait,KWT,1880,0
Mali,MLI,1880,0
Nepal,NPL,1880,0
Niger,NER,1880,0
South Korea,KOR,1880,0
Swaziland,SWZ,1880,0
Uganda,UGA,1880,0
Zambia,ZMB,1880,0
Zimbabwe,ZWE,1880,0
Iran,IRN,1880,0.1
Morocco,MAR,1880,0.1
Yemen,YEM,1880,0.1
Benin,BEN,1880,0.2
China,CHN,1880,0.2
Libya,LBY,1880,0.2
Taiwan,TWN,1880,0.2
Cote d'Ivoire,CIV,1880,0.3
Iraq,IRQ,1880,0.3
Malawi,MWI,1880,0.3
Mozambique,MOZ,1880,0.3
Pakistan,PAK,1880,0.3
Senegal,SEN,1880,0.3
Sudan,SDN,1880,0.3
Tunisia,TUN,1880,0.3
Kenya,KEN,1880,0.5
Fiji,FJI,1880,0.6
Cameroon,CMR,1880,0.7
Indonesia,IDN,1880,0.7
Jordan,JOR,1880,0.7
Togo,TGO,1880,0.8
Thailand,THA,1880,0.9
Bangladesh,BGD,1880,1.1
Ghana,GHA,1880,1.1
Syria,SYR,1880,1.1
Turkey,TUR,1880,1.1
Sierra Leone,SLE,1880,1.3
Venezuela,VEN,1880,1.9
Egypt,EGY,1880,2
Malaysia,MYS,1880,2.1
Albania,ALB,1880,2.9
Liberia,LBR,1880,3.3
Luxembourg,LUX,1880,3.7
India,IND,1880,4.5
Peru,PER,1880,4.9
Bolivia,BOL,1880,5.2
Gambia,GMB,1880,5.5
Lesotho,LSO,1880,5.8
Philippines,PHL,1880,6.3
Paraguay,PRY,1880,6.7
Algeria,DZA,1880,8
Hong Kong,HKG,1880,8.3
Panama,PAN,1880,8.3
Dominican Republic,DOM,1880,8.5
Serbia,SRB,1880,8.9
Brazil,BRA,1880,9.9
Romania,ROU,1880,10.2
Russia,RUS,1880,11.8
Cuba,CUB,1880,13.1
Nicaragua,NIC,1880,14.4
Guatemala,GTM,1880,15.7
Finland,FIN,1880,16
Argentina,ARG,1880,16.3
Sri Lanka,LKA,1880,16.4
Chile,CHL,1880,17.3
Colombia,COL,1880,17.4
Myanmar,MMR,1880,17.5
El Salvador,SLV,1880,17.7
Ecuador,ECU,1880,18.1
Honduras,HND,1880,19.3
Mauritius,MUS,1880,20.9
Cyprus,CYP,1880,23.8
Reunion,REU,1880,24.6
Malta,MLT,1880,26.3
Uruguay,URY,1880,26.7
Costa Rica,CRI,1880,28.3
Mexico,MEX,1880,28.5
Belize,BLZ,1880,32.1
Trinidad and Tobago,TTO,1880,34.1
Iceland,ISL,1880,34.8
South Africa,ZAF,1880,34.9
Belgium,BEL,1880,36.3
Greece,GRC,1880,36.7
Bulgaria,BGR,1880,38
Barbados,BRB,1880,38.1
Portugal,PRT,1880,38.4
Ireland,IRL,1880,43.1
Poland,POL,1880,43.7
Hungary,HUN,1880,51.3
Guyana,GUY,1880,53.2
Germany,DEU,1880,53.9
Spain,ESP,1880,60
Italy,ITA,1880,60.4
Jamaica,JAM,1880,60.5
Austria,AUT,1880,61.7
Japan,JPN,1880,70.8
Czech Republic,CZE,1880,76.2
United Kingdom,GBR,1880,77.2
Norway,NOR,1880,78.3
Netherlands,NLD,1880,80.2
Canada,CAN,1880,83.6
Switzerland,CHE,1880,92.6
New Zealand,NZL,1880,99.7
Australia,AUS,1880,100
Denmark,DNK,1880,100
France,FRA,1880,100
Sweden,SWE,1880,100
United States,USA,1880,100
Afghanistan,AFG,1885,0
Cambodia,KHM,1885,0
Democratic Republic of Congo,COD,1885,0
Haiti,HTI,1885,0
Kuwait,KWT,1885,0
Mali,MLI,1885,0
Nepal,NPL,1885,0
Niger,NER,1885,0
Swaziland,SWZ,1885,0
Uganda,UGA,1885,0
Zambia,ZMB,1885,0
Zimbabwe,ZWE,1885,0
Iran,IRN,1885,0.1
South Korea,KOR,1885,0.1
Yemen,YEM,1885,0.1
Libya,LBY,1885,0.2
Morocco,MAR,1885,0.2
Benin,BEN,1885,0.3
Senegal,SEN,1885,0.3
China,CHN,1885,0.4
Cote d'Ivoire,CIV,1885,0.4
Iraq,IRQ,1885,0.4
Malawi,MWI,1885,0.4
Mozambique,MOZ,1885,0.4
Pakistan,PAK,1885,0.4
Sudan,SDN,1885,0.4
Tunisia,TUN,1885,0.4
Taiwan,TWN,1885,0.5
Kenya,KEN,1885,0.7
Jordan,JOR,1885,0.9
Fiji,FJI,1885,1
Togo,TGO,1885,1.1
Bangladesh,BGD,1885,1.4
Ghana,GHA,1885,1.4
Thailand,THA,1885,1.4
Indonesia,IDN,1885,1.5
Turkey,TUR,1885,1.5
Syria,SYR,1885,1.6
Sierra Leone,SLE,1885,1.7
Cameroon,CMR,1885,2.5
Venezuela,VEN,1885,2.5
Egypt,EGY,1885,2.6
Malaysia,MYS,1885,2.9
Albania,ALB,1885,3.8
Liberia,LBR,1885,4.2
Luxembourg,LUX,1885,4.7
India,IND,1885,5.5
Bolivia,BOL,1885,6.4
Gambia,GMB,1885,6.9
Peru,PER,1885,7
Dominican Republic,DOM,1885,8.3
Philippines,PHL,1885,8.3
Lesotho,LSO,1885,8.4
Paraguay,PRY,1885,8.5
Algeria,DZA,1885,9.5
Brazil,BRA,1885,9.8
Panama,PAN,1885,10.4
Serbia,SRB,1885,11.7
Romania,ROU,1885,12.5
Hong Kong,HKG,1885,13.6
Colombia,COL,1885,15.1
Chile,CHL,1885,15.7
Russia,RUS,1885,15.8
Myanmar,MMR,1885,16.7
Nicaragua,NIC,1885,17.6
Guatemala,GTM,1885,18.6
Finland,FIN,1885,19.9
Cuba,CUB,1885,20.2
Sri Lanka,LKA,1885,20.7
El Salvador,SLV,1885,21.2
Ecuador,ECU,1885,22
Honduras,HND,1885,23.2
South Africa,ZAF,1885,24.1
Mauritius,MUS,1885,25.1
Argentina,ARG,1885,25.3
Uruguay,URY,1885,26.3
Reunion,REU,1885,29.8
Mexico,MEX,1885,30
Malta,MLT,1885,30.6
Costa Rica,CRI,1885,33.5
Barbados,BRB,1885,34.4
Cyprus,CYP,1885,34.4
Greece,GRC,1885,34.5
Trinidad and Tobago,TTO,1885,36.1
Iceland,ISL,1885,37.5
Belize,BLZ,1885,38
Bulgaria,BGR,1885,39.9
Guyana,GUY,1885,44.1
Portugal,PRT,1885,44.4
Poland,POL,1885,46.3
Ireland,IRL,1885,50.6
Hungary,HUN,1885,57.7
Germany,DEU,1885,59.2
Belgium,BEL,1885,59.4
Spain,ESP,1885,59.4
Italy,ITA,1885,62.4
Austria,AUT,1885,67.8
Jamaica,JAM,1885,69.6
United Kingdom,GBR,1885,77.1
Czech Republic,CZE,1885,77.9
Norway,NOR,1885,80.2
Netherlands,NLD,1885,81.8
Canada,CAN,1885,87.3
Japan,JPN,1885,93.2
Switzerland,CHE,1885,96.4
Australia,AUS,1885,98.4
Denmark,DNK,1885,100
France,FRA,1885,100
New Zealand,NZL,1885,100
Sweden,SWE,1885,100
United States,USA,1885,100
Afghanistan,AFG,1890,0
Democratic Republic of Congo,COD,1890,0
Haiti,HTI,1890,0
Kuwait,KWT,1890,0
Mali,MLI,1890,0
Nepal,NPL,1890,0
Niger,NER,1890,0
Swaziland,SWZ,1890,0
Uganda,UGA,1890,0
Zambia,ZMB,1890,0
Zimbabwe,ZWE,1890,0
Cambodia,KHM,1890,0.1
Yemen,YEM,1890,0.1
Iran,IRN,1890,0.2
Morocco,MAR,1890,0.2
South Korea,KOR,1890,0.2
Libya,LBY,1890,0.3
Benin,BEN,1890,0.4
Senegal,SEN,1890,0.4
Mozambique,MOZ,1890,0.5
Pakistan,PAK,1890,0.5
Sudan,SDN,1890,0.5
China,CHN,1890,0.6
Cote d'Ivoire,CIV,1890,0.6
Iraq,IRQ,1890,0.6
Tunisia,TUN,1890,0.6
Malawi,MWI,1890,0.7
Kenya,KEN,1890,0.9
Taiwan,TWN,1890,1.2
Jordan,JOR,1890,1.3
Togo,TGO,1890,1.5
Indonesia,IDN,1890,1.7
Fiji,FJI,1890,1.8
Bangladesh,BGD,1890,1.9
Ghana,GHA,1890,1.9
Turkey,TUR,1890,2
Sierra Leone,SLE,1890,2.2
Syria,SYR,1890,2.2
Thailand,THA,1890,2.3
Venezuela,VEN,1890,3.2
Egypt,EGY,1890,3.5
Malaysia,MYS,1890,4
Cameroon,CMR,1890,4.2
Albania,ALB,1890,4.8
Liberia,LBR,1890,5.2
Luxembourg,LUX,1890,6
India,IND,1890,6.1
Bolivia,BOL,1890,7.7
Gambia,GMB,1890,8.6
Dominican Republic,DOM,1890,9.1
Brazil,BRA,1890,9.6
Peru,PER,1890,9.9
Algeria,DZA,1890,10.8
Philippines,PHL,1890,10.8
Lesotho,LSO,1890,11.8
Panama,PAN,1890,13
South Africa,ZAF,1890,13.4
Serbia,SRB,1890,14.4
Paraguay,PRY,1890,15.7
Myanmar,MMR,1890,15.9
Romania,ROU,1890,17.2
Colombia,COL,1890,17.4
Nicaragua,NIC,1890,18.1
Russia,RUS,1890,19.6
Hong Kong,HKG,1890,20.9
El Salvador,SLV,1890,21.3
Sri Lanka,LKA,1890,25
Finland,FIN,1890,25.4
Honduras,HND,1890,25.7
Ecuador,ECU,1890,26.6
Chile,CHL,1890,27.2
Cuba,CUB,1890,27.2
Uruguay,URY,1890,27.9
Mauritius,MUS,1890,29.4
Guatemala,GTM,1890,30.4
Argentina,ARG,1890,31.5
Mexico,MEX,1890,31.7
Malta,MLT,1890,35.3
Reunion,REU,1890,35.5
Costa Rica,CRI,1890,39.1
Greece,GRC,1890,39.5
Iceland,ISL,1890,40.3
Portugal,PRT,1890,41.8
Bulgaria,BGR,1890,41.9
Barbados,BRB,1890,43
Belize,BLZ,1890,44.3
Cyprus,CYP,1890,45.1
Poland,POL,1890,49
Ireland,IRL,1890,54.2
Spain,ESP,1890,55.9
Germany,DEU,1890,58.4
Trinidad and Tobago,TTO,1890,59.3
Belgium,BEL,1890,60.2
Italy,ITA,1890,64
Guyana,GUY,1890,64.1
Hungary,HUN,1890,64.2
Austria,AUT,1890,74
Jamaica,JAM,1890,78.7
Czech Republic,CZE,1890,79.5
Netherlands,NLD,1890,83.1
Japan,JPN,1890,86.8
Canada,CAN,1890,90.5
Norway,NOR,1890,91.5
Switzerland,CHE,1890,92.9
United Kingdom,GBR,1890,93.1
Australia,AUS,1890,96.8
New Zealand,NZL,1890,98.4
Denmark,DNK,1890,100
France,FRA,1890,100
Sweden,SWE,1890,100
United States,USA,1890,100
Afghanistan,AFG,1895,0
Haiti,HTI,1895,0
Kuwait,KWT,1895,0
Nepal,NPL,1895,0
Niger,NER,1895,0
Swaziland,SWZ,1895,0
Uganda,UGA,1895,0
Zambia,ZMB,1895,0
Cambodia,KHM,1895,0.1
Democratic Republic of Congo,COD,1895,0.1
Mali,MLI,1895,0.1
Yemen,YEM,1895,0.2
Iran,IRN,1895,0.3
Morocco,MAR,1895,0.3
South Korea,KOR,1895,0.4
Benin,BEN,1895,0.5
Libya,LBY,1895,0.5
Senegal,SEN,1895,0.6
Cote d'Ivoire,CIV,1895,0.7
Mozambique,MOZ,1895,0.7
Pakistan,PAK,1895,0.7
Sudan,SDN,1895,0.7
Iraq,IRQ,1895,0.8
Tunisia,TUN,1895,0.8
Zimbabwe,ZWE,1895,0.8
China,CHN,1895,0.9
Kenya,KEN,1895,1.2
Malawi,MWI,1895,1.2
Jordan,JOR,1895,1.8
Indonesia,IDN,1895,1.9
Togo,TGO,1895,2
Ghana,GHA,1895,2.4
Taiwan,TWN,1895,2.4
Bangladesh,BGD,1895,2.5
Cameroon,CMR,1895,2.6
Sierra Leone,SLE,1895,2.8
Turkey,TUR,1895,2.8
Fiji,FJI,1895,3
Syria,SYR,1895,3
Thailand,THA,1895,3.6
Venezuela,VEN,1895,4
Egypt,EGY,1895,4.7
Malaysia,MYS,1895,5.4
Luxembourg,LUX,1895,5.9
Albania,ALB,1895,6.1
India,IND,1895,6.8
Liberia,LBR,1895,7.8
Bolivia,BOL,1895,9.3
Gambia,GMB,1895,10.7
Dominican Republic,DOM,1895,10.8
Brazil,BRA,1895,11.7
Algeria,DZA,1895,11.9
South Africa,ZAF,1895,13.8
Philippines,PHL,1895,14
Lesotho,LSO,1895,14.2
Peru,PER,1895,15.4
Panama,PAN,1895,16
Serbia,SRB,1895,16.8
Hong Kong,HKG,1895,18.2
Paraguay,PRY,1895,18.6
Myanmar,MMR,1895,18.7
Nicaragua,NIC,1895,18.7
Colombia,COL,1895,19.5
El Salvador,SLV,1895,21.6
Romania,ROU,1895,22.7
Argentina,ARG,1895,24.3
Ecuador,ECU,1895,26.5
Sri Lanka,LKA,1895,27.8
Honduras,HND,1895,28.6
Mauritius,MUS,1895,29.4
Uruguay,URY,1895,30.9
Chile,CHL,1895,31.1
Guatemala,GTM,1895,32.9
Mexico,MEX,1895,33.4
Cuba,CUB,1895,36.4
Finland,FIN,1895,36.7
Russia,RUS,1895,38.1
Portugal,PRT,1895,39.3
Reunion,REU,1895,41.7
Greece,GRC,1895,41.8
Barbados,BRB,1895,42.4
Iceland,ISL,1895,43.1
Costa Rica,CRI,1895,45
Belize,BLZ,1895,47.1
Malta,MLT,1895,48.2
Poland,POL,1895,51.7
Cyprus,CYP,1895,52.3
Spain,ESP,1895,52.3
Germany,DEU,1895,57.5
Trinidad and Tobago,TTO,1895,58
Bulgaria,BGR,1895,60.6
Ireland,IRL,1895,61.7
Guyana,GUY,1895,64.4
Hungary,HUN,1895,65.1
Italy,ITA,1895,65.7
Belgium,BEL,1895,68.4
Austria,AUT,1895,76.1
Jamaica,JAM,1895,79.5
Czech Republic,CZE,1895,81
Netherlands,NLD,1895,83.4
Switzerland,CHE,1895,90.9
Canada,CAN,1895,92.4
New Zealand,NZL,1895,94.7
United Kingdom,GBR,1895,95.6
Norway,NOR,1895,97.8
Australia,AUS,1895,98.4
Denmark,DNK,1895,100
France,FRA,1895,100
Japan,JPN,1895,100
Sweden,SWE,1895,100
United States,USA,1895,100
Afghanistan,AFG,1900,0
Haiti,HTI,1900,0
Kuwait,KWT,1900,0
Nepal,NPL,1900,0
Swaziland,SWZ,1900,0
Uganda,UGA,1900,0
Zambia,ZMB,1900,0
Mali,MLI,1900,0.1
Niger,NER,1900,0.1
Cambodia,KHM,1900,0.2
Democratic Republic of Congo,COD,1900,0.3
Yemen,YEM,1900,0.3
Iran,IRN,1900,0.4
Morocco,MAR,1900,0.4
Libya,LBY,1900,0.6
Benin,BEN,1900,0.7
Senegal,SEN,1900,0.7
South Korea,KOR,1900,0.7
Mozambique,MOZ,1900,0.9
Pakistan,PAK,1900,0.9
Sudan,SDN,1900,0.9
Cameroon,CMR,1900,1
Cote d'Ivoire,CIV,1900,1
Iraq,IRQ,1900,1.1
Tunisia,TUN,1900,1.1
China,CHN,1900,1.4
Kenya,KEN,1900,1.7
Malawi,MWI,1900,1.9
Indonesia,IDN,1900,2.2
Jordan,JOR,1900,2.4
Zimbabwe,ZWE,1900,2.4
Togo,TGO,1900,2.6
Bangladesh,BGD,1900,3.2
Ghana,GHA,1900,3.2
Sierra Leone,SLE,1900,3.7
Turkey,TUR,1900,3.7
Syria,SYR,1900,4.1
Taiwan,TWN,1900,4.6
Fiji,FJI,1900,4.9
Thailand,THA,1900,5.6
Egypt,EGY,1900,6.2
Venezuela,VEN,1900,6.8
India,IND,1900,7
Malaysia,MYS,1900,7.4
Albania,ALB,1900,7.7
Luxembourg,LUX,1900,8.7
Bolivia,BOL,1900,12.4
Dominican Republic,DOM,1900,12.5
Algeria,DZA,1900,12.7
Liberia,LBR,1900,12.8
Gambia,GMB,1900,13.3
Brazil,BRA,1900,13.7
South Africa,ZAF,1900,14.2
Hong Kong,HKG,1900,15.4
Peru,PER,1900,15.7
Lesotho,LSO,1900,16.6
Philippines,PHL,1900,17.9
Nicaragua,NIC,1900,19.2
Serbia,SRB,1900,19.2
Panama,PAN,1900,19.6
Paraguay,PRY,1900,19.8
El Salvador,SLV,1900,20.5
Guatemala,GTM,1900,21.1
Myanmar,MMR,1900,21.5
Colombia,COL,1900,21.7
Ecuador,ECU,1900,26.5
Uruguay,URY,1900,27.9
Mauritius,MUS,1900,29.4
Honduras,HND,1900,30.3
Sri Lanka,LKA,1900,30.5
Chile,CHL,1900,34.1
Costa Rica,CRI,1900,34.8
Mexico,MEX,1900,35.1
Russia,RUS,1900,36.6
Portugal,PRT,1900,36.7
Argentina,ARG,1900,39.6
Cuba,CUB,1900,45.5
Greece,GRC,1900,45.7
Iceland,ISL,1900,46
Finland,FIN,1900,46.6
Reunion,REU,1900,48.3
Spain,ESP,1900,48.7
Belize,BLZ,1900,49.9
Bulgaria,BGR,1900,54
Poland,POL,1900,54.4
Romania,ROU,1900,55.6
Germany,DEU,1900,56.1
Cyprus,CYP,1900,59.4
Ireland,IRL,1900,60.3
Malta,MLT,1900,61
Guyana,GUY,1900,62.4
Hungary,HUN,1900,64.8
Italy,ITA,1900,68.3
Trinidad and Tobago,TTO,1900,68.9
Barbados,BRB,1900,71.6
Belgium,BEL,1900,74.2
Austria,AUT,1900,78.3
Jamaica,JAM,1900,80.3
Czech Republic,CZE,1900,82.4
Netherlands,NLD,1900,83.5
Japan,JPN,1900,86.2
Switzerland,CHE,1900,89
New Zealand,NZL,1900,95.7
Canada,CAN,1900,95.8
Norway,NOR,1900,96
United Kingdom,GBR,1900,97.8
Australia,AUS,1900,100
Denmark,DNK,1900,100
France,FRA,1900,100
Sweden,SWE,1900,100
United States,USA,1900,100
Afghanistan,AFG,1905,0
Kuwait,KWT,1905,0
Nepal,NPL,1905,0
Uganda,UGA,1905,0
Zambia,ZMB,1905,0
Mali,MLI,1905,0.1
Niger,NER,1905,0.1
Cambodia,KHM,1905,0.2
Swaziland,SWZ,1905,0.2
Haiti,HTI,1905,0.3
Yemen,YEM,1905,0.3
Democratic Republic of Congo,COD,1905,0.5
Iran,IRN,1905,0.5
Morocco,MAR,1905,0.5
Libya,LBY,1905,0.9
Senegal,SEN,1905,0.9
Benin,BEN,1905,1
Pakistan,PAK,1905,1.1
Sudan,SDN,1905,1.1
Cote d'Ivoire,CIV,1905,1.2
Mozambique,MOZ,1905,1.2
South Korea,KOR,1905,1.4
Iraq,IRQ,1905,1.5
Tunisia,TUN,1905,1.5
Cameroon,CMR,1905,2
China,CHN,1905,2.2
Kenya,KEN,1905,2.3
Malawi,MWI,1905,2.9
Indonesia,IDN,1905,3.1
Jordan,JOR,1905,3.3
Sierra Leone,SLE,1905,3.5
Togo,TGO,1905,3.5
Bangladesh,BGD,1905,4.2
Ghana,GHA,1905,4.2
Turkey,TUR,1905,5
Zimbabwe,ZWE,1905,5.1
Syria,SYR,1905,5.6
Taiwan,TWN,1905,5.8
Fiji,FJI,1905,7.9
India,IND,1905,8
Egypt,EGY,1905,8.2
Luxembourg,LUX,1905,8.5
Thailand,THA,1905,8.6
Venezuela,VEN,1905,9.2
Albania,ALB,1905,9.7
Malaysia,MYS,1905,9.9
Gambia,GMB,1905,11.2
Dominican Republic,DOM,1905,12.2
Algeria,DZA,1905,13
Lesotho,LSO,1905,14.5
Hong Kong,HKG,1905,14.6
Liberia,LBR,1905,15.2
Brazil,BRA,1905,15.7
South Africa,ZAF,1905,17.2
Bolivia,BOL,1905,17.7
Nicaragua,NIC,1905,17.8
El Salvador,SLV,1905,19.7
Paraguay,PRY,1905,20.6
Serbia,SRB,1905,21.3
Guatemala,GTM,1905,21.6
Myanmar,MMR,1905,23.2
Panama,PAN,1905,23.8
Colombia,COL,1905,23.9
Peru,PER,1905,24.6
Ecuador,ECU,1905,26.5
Mauritius,MUS,1905,31.4
Honduras,HND,1905,32.1
Mexico,MEX,1905,34.5
Costa Rica,CRI,1905,35.3
Sri Lanka,LKA,1905,36.7
Uruguay,URY,1905,36.7
Portugal,PRT,1905,38
Philippines,PHL,1905,40.5
Romania,ROU,1905,41.6
Russia,RUS,1905,41.7
Cuba,CUB,1905,42
Chile,CHL,1905,43.1
Spain,ESP,1905,45.1
Argentina,ARG,1905,46.7
Reunion,REU,1905,47.6
Greece,GRC,1905,48
Iceland,ISL,1905,49
Finland,FIN,1905,54.8
Poland,POL,1905,57
Germany,DEU,1905,58.2
Belize,BLZ,1905,60.8
Hungary,HUN,1905,62.5
Ireland,IRL,1905,64.6
Guyana,GUY,1905,64.7
Cyprus,CYP,1905,68.5
Malta,MLT,1905,69.5
Italy,ITA,1905,71.1
Barbados,BRB,1905,73.9
Jamaica,JAM,1905,74.6
Belgium,BEL,1905,75.9
Austria,AUT,1905,80.3
Czech Republic,CZE,1905,83.8
Trinidad and Tobago,TTO,1905,86.2
Netherlands,NLD,1905,87.4
Canada,CAN,1905,90.4
Japan,JPN,1905,90.5
Switzerland,CHE,1905,91.2
Bulgaria,BGR,1905,94.7
Norway,NOR,1905,98.1
New Zealand,NZL,1905,99.3
Australia,AUS,1905,100
Denmark,DNK,1905,100
France,FRA,1905,100
Sweden,SWE,1905,100
United Kingdom,GBR,1905,100
United States,USA,1905,100
Afghanistan,AFG,1910,0
Uganda,UGA,1910,0
Zambia,ZMB,1910,0
Nepal,NPL,1910,0.1
Niger,NER,1910,0.1
Mali,MLI,1910,0.2
Cambodia,KHM,1910,0.4
Yemen,YEM,1910,0.4
Iran,IRN,1910,0.7
Morocco,MAR,1910,0.7
Swaziland,SWZ,1910,0.7
Democratic Republic of Congo,COD,1910,1
Libya,LBY,1910,1.2
Senegal,SEN,1910,1.2
Benin,BEN,1910,1.3
Sudan,SDN,1910,1.4
Pakistan,PAK,1910,1.5
Cote d'Ivoire,CIV,1910,1.6
Haiti,HTI,1910,1.6
Mozambique,MOZ,1910,1.6
Iraq,IRQ,1910,2
Tunisia,TUN,1910,2.1
South Korea,KOR,1910,2.5
Cameroon,CMR,1910,3
Kenya,KEN,1910,3.1
China,CHN,1910,3.3
Sierra Leone,SLE,1910,3.4
Indonesia,IDN,1910,4.3
Jordan,JOR,1910,4.5
Malawi,MWI,1910,4.5
Togo,TGO,1910,4.7
Kuwait,KWT,1910,5.1
Ghana,GHA,1910,5.4
Bangladesh,BGD,1910,5.6
Turkey,TUR,1910,6.7
Taiwan,TWN,1910,7
Syria,SYR,1910,7.6
Gambia,GMB,1910,9.1
India,IND,1910,9.3
Zimbabwe,ZWE,1910,9.6
Egypt,EGY,1910,10.8
Luxembourg,LUX,1910,11.2
Venezuela,VEN,1910,11.7
Albania,ALB,1910,12.2
Fiji,FJI,1910,12.3
Dominican Republic,DOM,1910,12.5
Lesotho,LSO,1910,12.5
Thailand,THA,1910,12.7
Malaysia,MYS,1910,13.2
Hong Kong,HKG,1910,13.8
Algeria,DZA,1910,14.3
Nicaragua,NIC,1910,16.4
Brazil,BRA,1910,17.1
Liberia,LBR,1910,17.6
South Africa,ZAF,1910,20.1
Paraguay,PRY,1910,21.3
Bolivia,BOL,1910,21.6
El Salvador,SLV,1910,21.8
Peru,PER,1910,21.8
Guatemala,GTM,1910,22.1
Serbia,SRB,1910,23.3
Panama,PAN,1910,24.7
Myanmar,MMR,1910,24.9
Colombia,COL,1910,26.1
Honduras,HND,1910,33.2
Mauritius,MUS,1910,33.4
Mexico,MEX,1910,33.4
Ecuador,ECU,1910,34.2
Cuba,CUB,1910,38.4
Portugal,PRT,1910,39.2
Costa Rica,CRI,1910,40.6
Spain,ESP,1910,41.5
Russia,RUS,1910,42.8
Sri Lanka,LKA,1910,42.8
Reunion,REU,1910,47
Uruguay,URY,1910,49.4
Greece,GRC,1910,50.2
Argentina,ARG,1910,50.5
Iceland,ISL,1910,51.9
Philippines,PHL,1910,59.3
Poland,POL,1910,59.6
Chile,CHL,1910,62.3
Hungary,HUN,1910,63
Finland,FIN,1910,64.9
Ireland,IRL,1910,64.9
Jamaica,JAM,1910,68.9
Belize,BLZ,1910,71.7
Romania,ROU,1910,76.4
Belgium,BEL,1910,77.7
Malta,MLT,1910,78
Italy,ITA,1910,78.9
Cyprus,CYP,1910,79.9
Guyana,GUY,1910,81.2
Barbados,BRB,1910,82.1
Austria,AUT,1910,82.3
Czech Republic,CZE,1910,85.1
Switzerland,CHE,1910,86.7
Germany,DEU,1910,87.3
Netherlands,NLD,1910,88.3
Trinidad and Tobago,TTO,1910,90
Canada,CAN,1910,92.4
Japan,JPN,1910,96.6
Bulgaria,BGR,1910,98.1
Norway,NOR,1910,98.2
Australia,AUS,1910,100
Denmark,DNK,1910,100
France,FRA,1910,100
New Zealand,NZL,1910,100
Sweden,SWE,1910,100
United Kingdom,GBR,1910,100
United States,USA,1910,100
Afghanistan,AFG,1915,0
Uganda,UGA,1915,0
Nepal,NPL,1915,0.1
Niger,NER,1915,0.1
Mali,MLI,1915,0.3
Cambodia,KHM,1915,0.6
Yemen,YEM,1915,0.6
Zambia,ZMB,1915,0.6
Iran,IRN,1915,0.9
Morocco,MAR,1915,1
Swaziland,SWZ,1915,1.5
Senegal,SEN,1915,1.6
Benin,BEN,1915,1.7
Libya,LBY,1915,1.7
Democratic Republic of Congo,COD,1915,1.8
Pakistan,PAK,1915,1.9
Cote d'Ivoire,CIV,1915,2.1
Haiti,HTI,1915,2.1
Mozambique,MOZ,1915,2.1
Sudan,SDN,1915,2.1
Iraq,IRQ,1915,2.7
Tunisia,TUN,1915,2.8
Cameroon,CMR,1915,3
Sierra Leone,SLE,1915,3.4
Kenya,KEN,1915,4.1
Togo,TGO,1915,4.2
China,CHN,1915,5
South Korea,KOR,1915,6
Jordan,JOR,1915,6.2
Malawi,MWI,1915,6.8
Ghana,GHA,1915,7
Bangladesh,BGD,1915,7.2
Gambia,GMB,1915,7.8
Indonesia,IDN,1915,7.8
Turkey,TUR,1915,9
Kuwait,KWT,1915,9.5
Syria,SYR,1915,10.3
India,IND,1915,10.7
Luxembourg,LUX,1915,11.9
Dominican Republic,DOM,1915,12.6
Venezuela,VEN,1915,12.8
Thailand,THA,1915,14.3
Liberia,LBR,1915,14.7
Albania,ALB,1915,15.2
Algeria,DZA,1915,15.6
Malaysia,MYS,1915,17.3
Hong Kong,HKG,1915,17.9
Lesotho,LSO,1915,18.2
Brazil,BRA,1915,18.5
Fiji,FJI,1915,18.6
Egypt,EGY,1915,18.7
Zimbabwe,ZWE,1915,20.5
Bolivia,BOL,1915,22
Panama,PAN,1915,22.5
Ecuador,ECU,1915,22.7
El Salvador,SLV,1915,22.7
Peru,PER,1915,23.2
South Africa,ZAF,1915,25.2
Guatemala,GTM,1915,25.8
Taiwan,TWN,1915,25.9
Nicaragua,NIC,1915,26.1
Myanmar,MMR,1915,27.2
Greece,GRC,1915,28.4
Serbia,SRB,1915,30
Honduras,HND,1915,32.7
Mexico,MEX,1915,35.4
Mauritius,MUS,1915,38.1
Colombia,COL,1915,38.2
Paraguay,PRY,1915,40.2
Portugal,PRT,1915,40.5
Russia,RUS,1915,43.7
Sri Lanka,LKA,1915,44
Spain,ESP,1915,44.8
Cuba,CUB,1915,46.7
Costa Rica,CRI,1915,49
Hungary,HUN,1915,50.5
Uruguay,URY,1915,52.8
Reunion,REU,1915,53.9
Romania,ROU,1915,54.7
Iceland,ISL,1915,54.8
Philippines,PHL,1915,55.7
Argentina,ARG,1915,58.7
Poland,POL,1915,62.2
Chile,CHL,1915,65.8
Barbados,BRB,1915,66.9
Ireland,IRL,1915,67.6
Guyana,GUY,1915,68.4
Jamaica,JAM,1915,68.7
Belize,BLZ,1915,69.7
Malta,MLT,1915,72.9
Belgium,BEL,1915,76.2
Finland,FIN,1915,79.4
Italy,ITA,1915,79.9
Trinidad and Tobago,TTO,1915,81.9
Czech Republic,CZE,1915,86.3
Canada,CAN,1915,88.2
Switzerland,CHE,1915,88.3
Bulgaria,BGR,1915,89.5
Netherlands,NLD,1915,89.5
Austria,AUT,1915,90.1
Germany,DEU,1915,92.2
Cyprus,CYP,1915,92.3
Japan,JPN,1915,96.6
Norway,NOR,1915,99.5
Australia,AUS,1915,100
Denmark,DNK,1915,100
France,FRA,1915,100
New Zealand,NZL,1915,100
Sweden,SWE,1915,100
United Kingdom,GBR,1915,100
United States,USA,1915,100
Afghanistan,AFG,1920,0
Uganda,UGA,1920,0
Nepal,NPL,1920,0.2
Niger,NER,1920,0.2
Mali,MLI,1920,0.5
Yemen,YEM,1920,0.7
Cambodia,KHM,1920,1
Iran,IRN,1920,1.3
Morocco,MAR,1920,1.5
Zambia,ZMB,1920,1.7
Senegal,SEN,1920,2
Benin,BEN,1920,2.2
Libya,LBY,1920,2.4
Pakistan,PAK,1920,2.5
Cote d'Ivoire,CIV,1920,2.6
Mozambique,MOZ,1920,2.7
Sudan,SDN,1920,2.8
Swaziland,SWZ,1920,2.8
Democratic Republic of Congo,COD,1920,3
Cameroon,CMR,1920,3.1
Sierra Leone,SLE,1920,3.4
Iraq,IRQ,1920,3.6
Togo,TGO,1920,3.7
Tunisia,TUN,1920,3.9
Venezuela,VEN,1920,5.2
Kenya,KEN,1920,5.5
Gambia,GMB,1920,6.5
China,CHN,1920,7.4
Jordan,JOR,1920,8.4
Ghana,GHA,1920,8.5
Indonesia,IDN,1920,9.2
South Korea,KOR,1920,9.3
Bangladesh,BGD,1920,9.4
Haiti,HTI,1920,9.6
Malawi,MWI,1920,10.2
Liberia,LBR,1920,10.9
Turkey,TUR,1920,11.9
India,IND,1920,12.4
Algeria,DZA,1920,13.5
Syria,SYR,1920,13.7
Kuwait,KWT,1920,13.8
Egypt,EGY,1920,15.7
Thailand,THA,1920,15.9
Guatemala,GTM,1920,16.4
Luxembourg,LUX,1920,16.8
Albania,ALB,1920,18.8
Brazil,BRA,1920,19.9
Hong Kong,HKG,1920,22
Bolivia,BOL,1920,22.3
Malaysia,MYS,1920,22.4
Nicaragua,NIC,1920,23.5
Lesotho,LSO,1920,24
El Salvador,SLV,1920,25
Myanmar,MMR,1920,25.1
Peru,PER,1920,25.7
Fiji,FJI,1920,26.9
Honduras,HND,1920,26.9
Mexico,MEX,1920,29.6
South Africa,ZAF,1920,30.3
Zimbabwe,ZWE,1920,31.4
Ecuador,ECU,1920,34.1
Paraguay,PRY,1920,34.9
Serbia,SRB,1920,36.7
Panama,PAN,1920,37.6
Colombia,COL,1920,39.1
Russia,RUS,1920,39.9
Portugal,PRT,1920,41.8
Spain,ESP,1920,44.6
Mauritius,MUS,1920,44.8
Taiwan,TWN,1920,44.8
Sri Lanka,LKA,1920,45.2
Costa Rica,CRI,1920,45.5
Dominican Republic,DOM,1920,45.7
Greece,GRC,1920,45.9
Uruguay,URY,1920,52.7
Barbados,BRB,1920,54.8
Cuba,CUB,1920,55
Hungary,HUN,1920,57.7
Iceland,ISL,1920,57.8
Reunion,REU,1920,60.7
Chile,CHL,1920,62
Jamaica,JAM,1920,63.8
Ireland,IRL,1920,64.4
Poland,POL,1920,64.7
Romania,ROU,1920,65
Argentina,ARG,1920,65.8
Belize,BLZ,1920,67.6
Malta,MLT,1920,67.9
Philippines,PHL,1920,74
Guyana,GUY,1920,78.8
Italy,ITA,1920,79.1
Trinidad and Tobago,TTO,1920,80.5
Switzerland,CHE,1920,87
Czech Republic,CZE,1920,87.5
Netherlands,NLD,1920,89.4
Belgium,BEL,1920,93.3
Finland,FIN,1920,94.8
Germany,DEU,1920,97.1
Japan,JPN,1920,97.5
Austria,AUT,1920,97.9
Canada,CAN,1920,98.4
Norway,NOR,1920,99.3
Australia,AUS,1920,100
Bulgaria,BGR,1920,100
Cyprus,CYP,1920,100
Denmark,DNK,1920,100
France,FRA,1920,100
New Zealand,NZL,1920,100
Sweden,SWE,1920,100
United Kingdom,GBR,1920,100
United States,USA,1920,100
Afghanistan,AFG,1925,0
Niger,NER,1925,0.2
Nepal,NPL,1925,0.3
Mali,MLI,1925,0.8
Yemen,YEM,1925,1
Cambodia,KHM,1925,1.5
Morocco,MAR,1925,2.1
Iran,IRN,1925,2.6
Senegal,SEN,1925,2.6
Uganda,UGA,1925,2.8
Benin,BEN,1925,2.9
Libya,LBY,1925,3.2
Pakistan,PAK,1925,3.2
Togo,TGO,1925,3.2
Cote d'Ivoire,CIV,1925,3.4
Mozambique,MOZ,1925,3.5
Sudan,SDN,1925,3.6
Zambia,ZMB,1925,3.7
Sierra Leone,SLE,1925,3.8
Cameroon,CMR,1925,4
Democratic Republic of Congo,COD,1925,4.8
Iraq,IRQ,1925,4.8
Swaziland,SWZ,1925,5
Gambia,GMB,1925,5.2
Tunisia,TUN,1925,5.3
Liberia,LBR,1925,6.1
Kenya,KEN,1925,7.4
Jordan,JOR,1925,8.2
Ghana,GHA,1925,9.6
China,CHN,1925,11.1
Bangladesh,BGD,1925,12.1
Indonesia,IDN,1925,13.1
India,IND,1925,14.1
Algeria,DZA,1925,14.3
Malawi,MWI,1925,14.8
Honduras,HND,1925,17.7
Syria,SYR,1925,18.1
Kuwait,KWT,1925,18.2
Haiti,HTI,1925,18.3
South Korea,KOR,1925,18.5
Egypt,EGY,1925,19.1
Turkey,TUR,1925,19.2
El Salvador,SLV,1925,19.6
Luxembourg,LUX,1925,19.8
Myanmar,MMR,1925,20.4
Albania,ALB,1925,20.7
Venezuela,VEN,1925,22.2
Bolivia,BOL,1925,22.7
Nicaragua,NIC,1925,23
Lesotho,LSO,1925,25.3
Malaysia,MYS,1925,28.5
Peru,PER,1925,28.6
Brazil,BRA,1925,28.9
South Africa,ZAF,1925,30.7
Guatemala,GTM,1925,34.5
Paraguay,PRY,1925,35.3
Dominican Republic,DOM,1925,37
Fiji,FJI,1925,37.1
Colombia,COL,1925,37.6
Hong Kong,HKG,1925,37.9
Ecuador,ECU,1925,39.5
Serbia,SRB,1925,42.3
Portugal,PRT,1925,43
Spain,ESP,1925,44.3
Panama,PAN,1925,45.5
Sri Lanka,LKA,1925,46.6
Costa Rica,CRI,1925,46.8
Hungary,HUN,1925,47.7
Zimbabwe,ZWE,1925,48.6
Thailand,THA,1925,48.8
Taiwan,TWN,1925,51.8
Mauritius,MUS,1925,52
Cuba,CUB,1925,53.3
Reunion,REU,1925,53.4
Uruguay,URY,1925,56.9
Mexico,MEX,1925,61.9
Barbados,BRB,1925,63
Argentina,ARG,1925,65.8
Iceland,ISL,1925,66.9
Greece,GRC,1925,69.2
Poland,POL,1925,70.1
Romania,ROU,1925,71.7
Russia,RUS,1925,72
Belize,BLZ,1925,75.9
Philippines,PHL,1925,76.5
Chile,CHL,1925,76.9
Belgium,BEL,1925,78.1
Italy,ITA,1925,78.3
Ireland,IRL,1925,78.5
Czech Republic,CZE,1925,79.1
Malta,MLT,1925,79.1
Germany,DEU,1925,79.2
Jamaica,JAM,1925,79.6
Guyana,GUY,1925,80.7
Switzerland,CHE,1925,85.4
Netherlands,NLD,1925,89
Trinidad and Tobago,TTO,1925,89.5
Japan,JPN,1925,97
Austria,AUT,1925,99
Sweden,SWE,1925,99.7
Bulgaria,BGR,1925,99.8
Australia,AUS,1925,100
Canada,CAN,1925,100
Cyprus,CYP,1925,100
Denmark,DNK,1925,100
Finland,FIN,1925,100
France,FRA,1925,100
New Zealand,NZL,1925,100
Norway,NOR,1925,100
United Kingdom,GBR,1925,100
United States,USA,1925,100
Afghanistan,AFG,1930,0
Niger,NER,1930,0.3
Nepal,NPL,1930,0.4
Mali,MLI,1930,1.1
Yemen,YEM,1930,1.3
Cambodia,KHM,1930,2.3
Togo,TGO,1930,2.6
Uganda,UGA,1930,2.8
Senegal,SEN,1930,3.4
Morocco,MAR,1930,3.5
Benin,BEN,1930,3.8
Gambia,GMB,1930,3.8
Pakistan,PAK,1930,4.1
Sierra Leone,SLE,1930,4.1
Cote d'Ivoire,CIV,1930,4.3
Sudan,SDN,1930,4.3
Mozambique,MOZ,1930,4.4
Libya,LBY,1930,4.5
Cameroon,CMR,1930,4.8
Iran,IRN,1930,5.8
Iraq,IRQ,1930,6
Zambia,ZMB,1930,6.9
Tunisia,TUN,1930,7.1
Democratic Republic of Congo,COD,1930,7.5
Jordan,JOR,1930,8.1
Swaziland,SWZ,1930,8.4
Ghana,GHA,1930,9.4
Kenya,KEN,1930,9.8
Liberia,LBR,1930,10.4
Bangladesh,BGD,1930,15.4
India,IND,1930,16.6
Indonesia,IDN,1930,17.2
Algeria,DZA,1930,17.5
El Salvador,SLV,1930,17.6
China,CHN,1930,17.7
Honduras,HND,1930,19.1
Malawi,MWI,1930,21
Haiti,HTI,1930,21.5
Turkey,TUR,1930,21.7
Albania,ALB,1930,21.8
Kuwait,KWT,1930,22.6
Bolivia,BOL,1930,23.3
Syria,SYR,1930,23.5
Nicaragua,NIC,1930,25.1
Myanmar,MMR,1930,25.6
Venezuela,VEN,1930,26.3
Guatemala,GTM,1930,26.5
Lesotho,LSO,1930,26.7
South Korea,KOR,1930,27.7
Brazil,BRA,1930,29.5
Dominican Republic,DOM,1930,30.8
South Africa,ZAF,1930,31
Luxembourg,LUX,1930,32.5
Egypt,EGY,1930,32.8
Malaysia,MYS,1930,35.5
Colombia,COL,1930,36.1
Peru,PER,1930,38.2
Paraguay,PRY,1930,44.4
Ecuador,ECU,1930,45
Reunion,REU,1930,46
Serbia,SRB,1930,47.8
Sri Lanka,LKA,1930,48.1
Fiji,FJI,1930,48.5
Spain,ESP,1930,50
Mauritius,MUS,1930,50.1
Cuba,CUB,1930,51.7
Panama,PAN,1930,53.5
Hong Kong,HKG,1930,53.8
Costa Rica,CRI,1930,55
Portugal,PRT,1930,55.3
Thailand,THA,1930,55.4
Uruguay,URY,1930,58
Taiwan,TWN,1930,58.7
Barbados,BRB,1930,65.4
Zimbabwe,ZWE,1930,65.9
Argentina,ARG,1930,66.9
Philippines,PHL,1930,73.9
Iceland,ISL,1930,76.1
Hungary,HUN,1930,76.6
Romania,ROU,1930,78.6
Greece,GRC,1930,79.7
Chile,CHL,1930,80.2
Poland,POL,1930,81.7
Jamaica,JAM,1930,84.1
Belize,BLZ,1930,84.2
Germany,DEU,1930,85.1
Switzerland,CHE,1930,85.9
Mexico,MEX,1930,86
Ireland,IRL,1930,87
Belgium,BEL,1930,87.9
Malta,MLT,1930,90.4
Trinidad and Tobago,TTO,1930,91.7
New Zealand,NZL,1930,91.9
Netherlands,NLD,1930,92.8
Guyana,GUY,1930,93.2
Czech Republic,CZE,1930,95.2
Italy,ITA,1930,96.8
Australia,AUS,1930,100
Austria,AUT,1930,100
Bulgaria,BGR,1930,100
Canada,CAN,1930,100
Cyprus,CYP,1930,100
Denmark,DNK,1930,100
Finland,FIN,1930,100
France,FRA,1930,100
Japan,JPN,1930,100
Norway,NOR,1930,100
Russia,RUS,1930,100
Sweden,SWE,1930,100
United Kingdom,GBR,1930,100
United States,USA,1930,100
Afghanistan,AFG,1935,0
Niger,NER,1935,0.3
Nepal,NPL,1935,0.7
Mali,MLI,1935,1.6
Yemen,YEM,1935,1.7
Togo,TGO,1935,3.5
Uganda,UGA,1935,3.5
Sudan,SDN,1935,4.1
Senegal,SEN,1935,4.4
Gambia,GMB,1935,4.6
Morocco,MAR,1935,4.6
Mozambique,MOZ,1935,4.7
Benin,BEN,1935,5
Sierra Leone,SLE,1935,5
Pakistan,PAK,1935,5.3
Cote d'Ivoire,CIV,1935,5.5
Libya,LBY,1935,6.1
Iran,IRN,1935,7.8
Cambodia,KHM,1935,7.9
Liberia,LBR,1935,8.8
Democratic Republic of Congo,COD,1935,9.1
Jordan,JOR,1935,9.2
Iraq,IRQ,1935,9.6
Tunisia,TUN,1935,9.6
Ghana,GHA,1935,9.7
Cameroon,CMR,1935,11
Kenya,KEN,1935,11.3
Zambia,ZMB,1935,13.2
Swaziland,SWZ,1935,13.3
Myanmar,MMR,1935,15.9
Indonesia,IDN,1935,17.1
India,IND,1935,17.5
Algeria,DZA,1935,19.1
Honduras,HND,1935,19.4
Bangladesh,BGD,1935,19.5
China,CHN,1935,22.2
Haiti,HTI,1935,23.4
Bolivia,BOL,1935,23.9
El Salvador,SLV,1935,24.9
Syria,SYR,1935,24.9
Kuwait,KWT,1935,26.9
Nicaragua,NIC,1935,27.2
Turkey,TUR,1935,28.3
Guatemala,GTM,1935,28.8
Malawi,MWI,1935,28.8
Dominican Republic,DOM,1935,30.6
South Africa,ZAF,1935,31.8
South Korea,KOR,1935,31.8
Brazil,BRA,1935,32.9
Albania,ALB,1935,37.2
Paraguay,PRY,1935,38.5
Lesotho,LSO,1935,38.6
Colombia,COL,1935,39.4
Fiji,FJI,1935,42.1
Malaysia,MYS,1935,43.3
Egypt,EGY,1935,45.6
Serbia,SRB,1935,46.6
Peru,PER,1935,47.8
Panama,PAN,1935,49.4
Ecuador,ECU,1935,51.7
Mauritius,MUS,1935,52.7
Luxembourg,LUX,1935,52.9
Cuba,CUB,1935,53.5
Venezuela,VEN,1935,54.1
Portugal,PRT,1935,54.9
Hong Kong,HKG,1935,55.9
Spain,ESP,1935,56.3
Sri Lanka,LKA,1935,57.3
Zimbabwe,ZWE,1935,58.9
Uruguay,URY,1935,60.3
Costa Rica,CRI,1935,61.8
Reunion,REU,1935,64.8
Mexico,MEX,1935,65.1
Thailand,THA,1935,66.1
Philippines,PHL,1935,67.6
Taiwan,TWN,1935,70.1
Barbados,BRB,1935,70.6
Chile,CHL,1935,70.7
Hungary,HUN,1935,73.3
Argentina,ARG,1935,73.9
Greece,GRC,1935,83.4
Guyana,GUY,1935,85.9
Germany,DEU,1935,86.6
Ireland,IRL,1935,86.9
Iceland,ISL,1935,88.4
Jamaica,JAM,1935,88.5
Netherlands,NLD,1935,88.9
Switzerland,CHE,1935,89.1
Belize,BLZ,1935,92.1
New Zealand,NZL,1935,93.4
Cyprus,CYP,1935,93.6
Belgium,BEL,1935,94.2
Czech Republic,CZE,1935,94.2
Malta,MLT,1935,95.2
Trinidad and Tobago,TTO,1935,97.1
Sweden,SWE,1935,98.9
Poland,POL,1935,99
Australia,AUS,1935,99.5
Austria,AUT,1935,100
Bulgaria,BGR,1935,100
Canada,CAN,1935,100
Denmark,DNK,1935,100
Finland,FIN,1935,100
France,FRA,1935,100
Italy,ITA,1935,100
Japan,JPN,1935,100
Norway,NOR,1935,100
Romania,ROU,1935,100
Russia,RUS,1935,100
United Kingdom,GBR,1935,100
United States,USA,1935,100
Afghanistan,AFG,1940,0
Niger,NER,1940,0.7
Nepal,NPL,1940,1
Mali,MLI,1940,1.6
Yemen,YEM,1940,2.2
Sudan,SDN,1940,4.5
Senegal,SEN,1940,4.6
Benin,BEN,1940,5
Togo,TGO,1940,5.1
Morocco,MAR,1940,5.2
Gambia,GMB,1940,5.5
Sierra Leone,SLE,1940,5.8
Pakistan,PAK,1940,6.9
Cote d'Ivoire,CIV,1940,7.1
Uganda,UGA,1940,7.3
Mozambique,MOZ,1940,8
Libya,LBY,1940,8.3
Cambodia,KHM,1940,9.4
Liberia,LBR,1940,9.4
Democratic Republic of Congo,COD,1940,10.6
Iran,IRN,1940,12.5
Ghana,GHA,1940,12.7
Jordan,JOR,1940,12.7
Tunisia,TUN,1940,12.8
Kenya,KEN,1940,13.3
Iraq,IRQ,1940,13.5
Cameroon,CMR,1940,17.1
Myanmar,MMR,1940,19.5
Zambia,ZMB,1940,19.5
China,CHN,1940,19.6
India,IND,1940,19.7
Guatemala,GTM,1940,20.1
Swaziland,SWZ,1940,20.3
Algeria,DZA,1940,20.8
Haiti,HTI,1940,24.1
Bangladesh,BGD,1940,24.3
Indonesia,IDN,1940,25.6
Honduras,HND,1940,27.2
Syria,SYR,1940,28.3
Nicaragua,NIC,1940,29.3
Kuwait,KWT,1940,31.3
Bolivia,BOL,1940,31.5
El Salvador,SLV,1940,31.5
Albania,ALB,1940,32.5
Dominican Republic,DOM,1940,35.5
Turkey,TUR,1940,35.6
South Africa,ZAF,1940,36.6
Brazil,BRA,1940,38
Malawi,MWI,1940,38
Colombia,COL,1940,41.1
Hong Kong,HKG,1940,44.9
Serbia,SRB,1940,45.5
Egypt,EGY,1940,47.4
Sri Lanka,LKA,1940,48
Lesotho,LSO,1940,50.4
Malaysia,MYS,1940,51.3
Spain,ESP,1940,51.5
Zimbabwe,ZWE,1940,51.9
Fiji,FJI,1940,52.2
Mauritius,MUS,1940,52.6
Venezuela,VEN,1940,54.9
Cuba,CUB,1940,55.2
Peru,PER,1940,55.6
South Korea,KOR,1940,56.1
Ecuador,ECU,1940,57.7
Panama,PAN,1940,58.9
Paraguay,PRY,1940,60.1
Czech Republic,CZE,1940,61
Costa Rica,CRI,1940,63.3
Portugal,PRT,1940,65.9
Mexico,MEX,1940,66
Uruguay,URY,1940,67.2
Luxembourg,LUX,1940,69.9
Chile,CHL,1940,75.7
Argentina,ARG,1940,79.7
Barbados,BRB,1940,81
Ireland,IRL,1940,82.1
Reunion,REU,1940,83.5
Greece,GRC,1940,84.5
Poland,POL,1940,86
Switzerland,CHE,1940,86.9
Germany,DEU,1940,87.3
Belgium,BEL,1940,88.7
Netherlands,NLD,1940,88.9
New Zealand,NZL,1940,90.4
Jamaica,JAM,1940,90.7
Guyana,GUY,1940,91.2
Hungary,HUN,1940,91.4
United Kingdom,GBR,1940,92.4
Cyprus,CYP,1940,93.5
Australia,AUS,1940,99
Canada,CAN,1940,99
Trinidad and Tobago,TTO,1940,99.4
Austria,AUT,1940,100
Belize,BLZ,1940,100
Bulgaria,BGR,1940,100
Denmark,DNK,1940,100
Finland,FIN,1940,100
France,FRA,1940,100
Iceland,ISL,1940,100
Italy,ITA,1940,100
Japan,JPN,1940,100
Malta,MLT,1940,100
Norway,NOR,1940,100
Philippines,PHL,1940,100
Romania,ROU,1940,100
Russia,RUS,1940,100
Sweden,SWE,1940,100
Taiwan,TWN,1940,100
Thailand,THA,1940,100
United States,USA,1940,100
Niger,NER,1945,1
Nepal,NPL,1945,1.5
Mali,MLI,1945,2.6
Afghanistan,AFG,1945,2.8
Yemen,YEM,1945,2.8
Sudan,SDN,1945,5.3
Morocco,MAR,1945,6.1
Togo,TGO,1945,6.1
Gambia,GMB,1945,6.3
Senegal,SEN,1945,6.9
Sierra Leone,SLE,1945,7.8
Liberia,LBR,1945,7.9
Pakistan,PAK,1945,8.8
Benin,BEN,1945,8.9
Cote d'Ivoire,CIV,1945,8.9
Mozambique,MOZ,1945,9.8
Jordan,JOR,1945,11.2
Libya,LBY,1945,11.2
Myanmar,MMR,1945,11.3
Iran,IRN,1945,12.5
Cambodia,KHM,1945,13
Iraq,IRQ,1945,16
Uganda,UGA,1945,16.8
Tunisia,TUN,1945,16.9
India,IND,1945,19.4
Algeria,DZA,1945,19.6
Haiti,HTI,1945,20.1
Kenya,KEN,1945,23.8
Ghana,GHA,1945,24
Cameroon,CMR,1945,25.7
Democratic Republic of Congo,COD,1945,25.9
Honduras,HND,1945,28.3
Guatemala,GTM,1945,29.2
Swaziland,SWZ,1945,29.3
Bangladesh,BGD,1945,29.9
China,CHN,1945,31
Zambia,ZMB,1945,31.7
El Salvador,SLV,1945,32.3
Indonesia,IDN,1945,34.2
Syria,SYR,1945,34.8
Nicaragua,NIC,1945,34.9
Bolivia,BOL,1945,35.1
Kuwait,KWT,1945,38.1
South Africa,ZAF,1945,38.9
Colombia,COL,1945,39.6
Egypt,EGY,1945,41.8
Turkey,TUR,1945,48
Malawi,MWI,1945,48.1
Hong Kong,HKG,1945,48.5
Dominican Republic,DOM,1945,52.6
Mauritius,MUS,1945,52.7
Brazil,BRA,1945,54.6
Lesotho,LSO,1945,54.7
Serbia,SRB,1945,55.9
Panama,PAN,1945,56.2
Paraguay,PRY,1945,58.5
Zimbabwe,ZWE,1945,58.9
Malaysia,MYS,1945,59.4
Spain,ESP,1945,59.6
South Korea,KOR,1945,61.1
Sri Lanka,LKA,1945,62.1
Cuba,CUB,1945,62.7
Venezuela,VEN,1945,63.3
Ecuador,ECU,1945,63.8
Peru,PER,1945,64.4
Portugal,PRT,1945,66.1
Uruguay,URY,1945,66.4
Mexico,MEX,1945,69
Fiji,FJI,1945,69.8
Costa Rica,CRI,1945,70
Chile,CHL,1945,74.4
Romania,ROU,1945,77.6
Argentina,ARG,1945,79.3
Jamaica,JAM,1945,80.4
Ireland,IRL,1945,80.7
Switzerland,CHE,1945,81.3
Albania,ALB,1945,81.7
Poland,POL,1945,83.6
United Kingdom,GBR,1945,84.7
Luxembourg,LUX,1945,84.9
Greece,GRC,1945,85.6
Barbados,BRB,1945,86.6
Canada,CAN,1945,90
Netherlands,NLD,1945,91.4
Germany,DEU,1945,92.8
Cyprus,CYP,1945,93
Italy,ITA,1945,94.8
New Zealand,NZL,1945,95.2
Reunion,REU,1945,95.3
Hungary,HUN,1945,95.4
Czech Republic,CZE,1945,97.9
Trinidad and Tobago,TTO,1945,98
Australia,AUS,1945,98.6
Iceland,ISL,1945,98.6
Norway,NOR,1945,99
Austria,AUT,1945,100
Belgium,BEL,1945,100
Belize,BLZ,1945,100
Bulgaria,BGR,1945,100
Denmark,DNK,1945,100
Finland,FIN,1945,100
France,FRA,1945,100
Guyana,GUY,1945,100
Japan,JPN,1945,100
Malta,MLT,1945,100
Philippines,PHL,1945,100
Russia,RUS,1945,100
Sweden,SWE,1945,100
Taiwan,TWN,1945,100
Thailand,THA,1945,100
United States,USA,1945,100
Niger,NER,1950,1.3
Afghanistan,AFG,1950,3.5
Nepal,NPL,1950,3.5
Mali,MLI,1950,3.6
Gambia,GMB,1950,7.1
Sierra Leone,SLE,1950,8.3
Senegal,SEN,1950,9.3
Cote d'Ivoire,CIV,1950,11.3
Yemen,YEM,1950,11.5
Benin,BEN,1950,12.8
Sudan,SDN,1950,14.1
Libya,LBY,1950,14.9
Liberia,LBR,1950,15.9
Morocco,MAR,1950,16
Mozambique,MOZ,1950,16.3
Togo,TGO,1950,18.2
Myanmar,MMR,1950,19.9
Iraq,IRQ,1950,20.5
Cambodia,KHM,1950,21.2
Algeria,DZA,1950,21.4
Pakistan,PAK,1950,21.8
Tunisia,TUN,1950,21.9
Ghana,GHA,1950,23.6
Iran,IRN,1950,24.2
Uganda,UGA,1950,25.9
Guatemala,GTM,1950,29.7
Cameroon,CMR,1950,30.6
Haiti,HTI,1950,30.6
Honduras,HND,1950,30.8
India,IND,1950,32.7
China,CHN,1950,32.9
Bangladesh,BGD,1950,33.5
Jordan,JOR,1950,34.5
Kenya,KEN,1950,34.7
Hong Kong,HKG,1950,35.9
Swaziland,SWZ,1950,36.5
Brazil,BRA,1950,37.8
Bolivia,BOL,1950,38.1
Nicaragua,NIC,1950,40.6
South Africa,ZAF,1950,40.8
Democratic Republic of Congo,COD,1950,41.2
El Salvador,SLV,1950,42.5
Indonesia,IDN,1950,42.7
Colombia,COL,1950,43.1
Egypt,EGY,1950,43.7
Zambia,ZMB,1950,43.8
Kuwait,KWT,1950,45
Dominican Republic,DOM,1950,52
Turkey,TUR,1950,57.5
Ecuador,ECU,1950,58.5
Lesotho,LSO,1950,59
Malawi,MWI,1950,60
Syria,SYR,1950,60
Mexico,MEX,1950,62.6
Spain,ESP,1950,63.5
Zimbabwe,ZWE,1950,66
Serbia,SRB,1950,66.3
Paraguay,PRY,1950,66.4
Malaysia,MYS,1950,67
Costa Rica,CRI,1950,68.5
Barbados,BRB,1950,68.8
Peru,PER,1950,68.8
Cuba,CUB,1950,70.1
Panama,PAN,1950,72
Sri Lanka,LKA,1950,75
Mauritius,MUS,1950,75.5
Portugal,PRT,1950,77.2
Romania,ROU,1950,78.8
Venezuela,VEN,1950,80
Argentina,ARG,1950,81.3
Uruguay,URY,1950,83.1
Switzerland,CHE,1950,84
Fiji,FJI,1950,85.2
Greece,GRC,1950,86.7
South Korea,KOR,1950,86.9
Netherlands,NLD,1950,88.6
Belgium,BEL,1950,92
Canada,CAN,1950,93.1
New Zealand,NZL,1950,95.4
Iceland,ISL,1950,95.7
Chile,CHL,1950,96
Australia,AUS,1950,98.1
Germany,DEU,1950,98.2
Italy,ITA,1950,98.6
Hungary,HUN,1950,99.4
Albania,ALB,1950,100
Austria,AUT,1950,100
Belize,BLZ,1950,100
Bulgaria,BGR,1950,100
Cyprus,CYP,1950,100
Czech Republic,CZE,1950,100
Denmark,DNK,1950,100
Finland,FIN,1950,100
France,FRA,1950,100
Guyana,GUY,1950,100
Ireland,IRL,1950,100
Jamaica,JAM,1950,100
Japan,JPN,1950,100
Luxembourg,LUX,1950,100
Malta,MLT,1950,100
Norway,NOR,1950,100
Philippines,PHL,1950,100
Poland,POL,1950,100
Reunion,REU,1950,100
Russia,RUS,1950,100
Sweden,SWE,1950,100
Taiwan,TWN,1950,100
Thailand,THA,1950,100
Trinidad and Tobago,TTO,1950,100
United Kingdom,GBR,1950,100
United States,USA,1950,100
Niger,NER,1955,2.6
Afghanistan,AFG,1955,4.7
Nepal,NPL,1955,4.7
Mali,MLI,1955,4.9
Gambia,GMB,1955,10
Sierra Leone,SLE,1955,10.7
Sudan,SDN,1955,14
Cote d'Ivoire,CIV,1955,14.1
Senegal,SEN,1955,14.7
Benin,BEN,1955,16.7
Liberia,LBR,1955,19.2
Yemen,YEM,1955,20.2
Togo,TGO,1955,22.5
Morocco,MAR,1955,24.4
Mozambique,MOZ,1955,24.6
Algeria,DZA,1955,25.6
Iran,IRN,1955,26.2
Pakistan,PAK,1955,27.2
Libya,LBY,1955,28.7
Hong Kong,HKG,1955,29.4
Iraq,IRQ,1955,30
Tunisia,TUN,1955,30.8
Uganda,UGA,1955,34.9
Guatemala,GTM,1955,35.1
Kenya,KEN,1955,36.8
Bangladesh,BGD,1955,37.2
Haiti,HTI,1955,38.2
Egypt,EGY,1955,39.7
South Africa,ZAF,1955,39.9
India,IND,1955,40.9
Ghana,GHA,1955,43.9
Brazil,BRA,1955,44.5
Honduras,HND,1955,44.8
Cameroon,CMR,1955,45.2
Democratic Republic of Congo,COD,1955,46.3
Zambia,ZMB,1955,46.5
Swaziland,SWZ,1955,48.9
El Salvador,SLV,1955,50.5
Cambodia,KHM,1955,51.9
Nicaragua,NIC,1955,52.2
Malaysia,MYS,1955,52.3
Bolivia,BOL,1955,53.3
Myanmar,MMR,1955,54.6
Syria,SYR,1955,55
Colombia,COL,1955,55.7
China,CHN,1955,56.4
Indonesia,IDN,1955,57.5
Malawi,MWI,1955,58.1
Turkey,TUR,1955,60.1
Lesotho,LSO,1955,63
Kuwait,KWT,1955,64.6
Romania,ROU,1955,64.7
Jordan,JOR,1955,65.3
Peru,PER,1955,66.2
Ecuador,ECU,1955,68.1
Barbados,BRB,1955,69
Cuba,CUB,1955,71.7
Sri Lanka,LKA,1955,72.5
Mexico,MEX,1955,73.1
Serbia,SRB,1955,75.3
Germany,DEU,1955,77.6
Panama,PAN,1955,78.6
Spain,ESP,1955,78.7
Greece,GRC,1955,79.8
Zimbabwe,ZWE,1955,80.4
Belgium,BEL,1955,81.3
Paraguay,PRY,1955,82
Dominican Republic,DOM,1955,84.5
Uruguay,URY,1955,85.1
Argentina,ARG,1955,86.8
Switzerland,CHE,1955,87.2
Russia,RUS,1955,87.5
Fiji,FJI,1955,87.6
Venezuela,VEN,1955,87.6
Netherlands,NLD,1955,88
Costa Rica,CRI,1955,88.1
South Korea,KOR,1955,88.5
Poland,POL,1955,90.6
Mauritius,MUS,1955,91.9
Italy,ITA,1955,92.7
Portugal,PRT,1955,92.7
Luxembourg,LUX,1955,93.2
Hungary,HUN,1955,93.4
New Zealand,NZL,1955,94.4
Canada,CAN,1955,96.3
Albania,ALB,1955,100
Australia,AUS,1955,100
Austria,AUT,1955,100
Belize,BLZ,1955,100
Bulgaria,BGR,1955,100
Chile,CHL,1955,100
Cyprus,CYP,1955,100
Czech Republic,CZE,1955,100
Denmark,DNK,1955,100
Finland,FIN,1955,100
France,FRA,1955,100
Guyana,GUY,1955,100
Iceland,ISL,1955,100
Ireland,IRL,1955,100
Jamaica,JAM,1955,100
Japan,JPN,1955,100
Malta,MLT,1955,100
Norway,NOR,1955,100
Philippines,PHL,1955,100
Reunion,REU,1955,100
Sweden,SWE,1955,100
Taiwan,TWN,1955,100
Thailand,THA,1955,100
Trinidad and Tobago,TTO,1955,100
United Kingdom,GBR,1955,100
United States,USA,1955,100
Niger,NER,1960,4.2
Yemen,YEM,1960,6
Mali,MLI,1960,6.7
Nepal,NPL,1960,7.1
Afghanistan,AFG,1960,7.3
Gambia,GMB,1960,10
Cote d'Ivoire,CIV,1960,17.5
Sierra Leone,SLE,1960,19.5
Senegal,SEN,1960,19.8
Benin,BEN,1960,20.6
Pakistan,PAK,1960,22
Haiti,HTI,1960,22.7
Sudan,SDN,1960,24.5
Liberia,LBR,1960,27.6
Morocco,MAR,1960,30.5
Togo,TGO,1960,32.8
Ghana,GHA,1960,33
Iran,IRN,1960,34
Mozambique,MOZ,1960,36.3
Algeria,DZA,1960,38.1
Myanmar,MMR,1960,38.6
Guatemala,GTM,1960,38.7
Uganda,UGA,1960,39
Bangladesh,BGD,1960,40.9
Kenya,KEN,1960,41.6
Swaziland,SWZ,1960,42.7
Democratic Republic of Congo,COD,1960,43
Cameroon,CMR,1960,44.3
Libya,LBY,1960,45.2
Zambia,ZMB,1960,47
India,IND,1960,47.6
Iraq,IRQ,1960,48
Malawi,MWI,1960,48.3
Tunisia,TUN,1960,50.2
Dominican Republic,DOM,1960,53.7
Cambodia,KHM,1960,54.2
Turkey,TUR,1960,54.3
Peru,PER,1960,54.5
Bolivia,BOL,1960,55
Kuwait,KWT,1960,55
Syria,SYR,1960,55.8
Honduras,HND,1960,58
Mexico,MEX,1960,58.3
Colombia,COL,1960,59
Hong Kong,HKG,1960,59
Indonesia,IDN,1960,59.4
El Salvador,SLV,1960,59.5
Egypt,EGY,1960,60
Lesotho,LSO,1960,60
South Africa,ZAF,1960,60.2
Nicaragua,NIC,1960,62.2
Cuba,CUB,1960,66.2
Ecuador,ECU,1960,66.6
Sri Lanka,LKA,1960,67.4
China,CHN,1960,68.2
Jordan,JOR,1960,68.9
Reunion,REU,1960,69.5
Canada,CAN,1960,73
Fiji,FJI,1960,73.9
Zimbabwe,ZWE,1960,74.4
Ireland,IRL,1960,75.4
Malta,MLT,1960,76
Brazil,BRA,1960,76.6
Albania,ALB,1960,76.7
Mauritius,MUS,1960,76.7
New Zealand,NZL,1960,77
Paraguay,PRY,1960,79.7
Costa Rica,CRI,1960,81
Panama,PAN,1960,81
Venezuela,VEN,1960,81
Spain,ESP,1960,81.3
Australia,AUS,1960,81.5
Romania,ROU,1960,83.1
Uruguay,URY,1960,83.8
Philippines,PHL,1960,84.1
Jamaica,JAM,1960,85.4
South Korea,KOR,1960,85.8
United Kingdom,GBR,1960,86.7
Serbia,SRB,1960,87
Trinidad and Tobago,TTO,1960,87
Norway,NOR,1960,87.7
Argentina,ARG,1960,89
Czech Republic,CZE,1960,89.3
Thailand,THA,1960,90
Austria,AUT,1960,91
Greece,GRC,1960,91.8
Poland,POL,1960,92.2
Russia,RUS,1960,92.2
Bulgaria,BGR,1960,93
Sweden,SWE,1960,94
Taiwan,TWN,1960,94.1
Cyprus,CYP,1960,94.2
Chile,CHL,1960,94.7
Guyana,GUY,1960,95
Netherlands,NLD,1960,95.7
Malaysia,MYS,1960,96
Barbados,BRB,1960,96.4
Finland,FIN,1960,97
France,FRA,1960,97
Hungary,HUN,1960,99
Portugal,PRT,1960,99
Belgium,BEL,1960,100
Belize,BLZ,1960,100
Denmark,DNK,1960,100
Germany,DEU,1960,100
Iceland,ISL,1960,100
Italy,ITA,1960,100
Japan,JPN,1960,100
Luxembourg,LUX,1960,100
Switzerland,CHE,1960,100
United States,USA,1960,100
Yemen,YEM,1965,6.8
Niger,NER,1965,9.4
Afghanistan,AFG,1965,12.9
Nepal,NPL,1965,14.2
Mali,MLI,1965,16
Gambia,GMB,1965,19
Cote d'Ivoire,CIV,1965,21.6
Haiti,HTI,1965,24.6
Sierra Leone,SLE,1965,24.6
Benin,BEN,1965,26
Mozambique,MOZ,1965,28
Sudan,SDN,1965,28.4
Senegal,SEN,1965,29.3
Malawi,MWI,1965,31.7
Pakistan,PAK,1965,33
Liberia,LBR,1965,36.5
Morocco,MAR,1965,37
Iran,IRN,1965,38.3
Togo,TGO,1965,41.1
Bangladesh,BGD,1965,42.6
Guatemala,GTM,1965,43
Dominican Republic,DOM,1965,47.7
Kenya,KEN,1965,47.7
Myanmar,MMR,1965,49
Zambia,ZMB,1965,49.7
Democratic Republic of Congo,COD,1965,50.1
Kuwait,KWT,1965,52
Uganda,UGA,1965,53.3
Swaziland,SWZ,1965,54.4
Algeria,DZA,1965,56.3
Cambodia,KHM,1965,56.5
India,IND,1965,57.8
Libya,LBY,1965,57.9
Iraq,IRQ,1965,58
Ghana,GHA,1965,59.9
Indonesia,IDN,1965,60.3
South Africa,ZAF,1965,60.9
El Salvador,SLV,1965,61
Bolivia,BOL,1965,62.7
Cameroon,CMR,1965,64
Colombia,COL,1965,64
Nicaragua,NIC,1965,65
Peru,PER,1965,65
Sri Lanka,LKA,1965,66
Mexico,MEX,1965,67
Syria,SYR,1965,67
Honduras,HND,1965,68
Lesotho,LSO,1965,68
China,CHN,1965,68.2
Canada,CAN,1965,69
Egypt,EGY,1965,69
Tunisia,TUN,1965,69.2
Thailand,THA,1965,71
Ecuador,ECU,1965,73
Turkey,TUR,1965,73.1
Fiji,FJI,1965,73.9
Ireland,IRL,1965,74
Venezuela,VEN,1965,76
Portugal,PRT,1965,77
New Zealand,NZL,1965,78
Reunion,REU,1965,78.2
Australia,AUS,1965,78.3
Malta,MLT,1965,79
Mauritius,MUS,1965,79
Uruguay,URY,1965,80
Switzerland,CHE,1965,80.1
Hong Kong,HKG,1965,81
Germany,DEU,1965,82.8
Paraguay,PRY,1965,83
Albania,ALB,1965,83.7
Cyprus,CYP,1965,84
Serbia,SRB,1965,84
Jordan,JOR,1965,85
Panama,PAN,1965,85
Spain,ESP,1965,85
Zimbabwe,ZWE,1965,85.3
Romania,ROU,1965,86.5
United Kingdom,GBR,1965,86.7
Brazil,BRA,1965,87.1
Poland,POL,1965,88
Costa Rica,CRI,1965,89
Malaysia,MYS,1965,90
Argentina,ARG,1965,92
Austria,AUT,1965,92
Finland,FIN,1965,92
South Korea,KOR,1965,92.2
Sweden,SWE,1965,93.4
Netherlands,NLD,1965,94.8
Czech Republic,CZE,1965,95
Taiwan,TWN,1965,95.1
United States,USA,1965,95.9
Trinidad and Tobago,TTO,1965,96
Hungary,HUN,1965,97
Iceland,ISL,1965,97
Russia,RUS,1965,97
Denmark,DNK,1965,98
France,FRA,1965,98
Barbados,BRB,1965,98.1
Guyana,GUY,1965,98.5
Greece,GRC,1965,99
Belgium,BEL,1965,100
Belize,BLZ,1965,100
Bulgaria,BGR,1965,100
Chile,CHL,1965,100
Cuba,CUB,1965,100
Italy,ITA,1965,100
Jamaica,JAM,1965,100
Japan,JPN,1965,100
Luxembourg,LUX,1965,100
Norway,NOR,1965,100
Philippines,PHL,1965,100
Yemen,YEM,1970,9
Niger,NER,1970,11.9
Mali,MLI,1970,15
Afghanistan,AFG,1970,17
Nepal,NPL,1970,18.4
Gambia,GMB,1970,21
Haiti,HTI,1970,24.6
Cote d'Ivoire,CIV,1970,26.2
Benin,BEN,1970,28.2
Sierra Leone,SLE,1970,28.9
Senegal,SEN,1970,30
Uganda,UGA,1970,30.2
Mozambique,MOZ,1970,31.2
Malawi,MWI,1970,32.5
Pakistan,PAK,1970,33
Sudan,SDN,1970,37.2
Morocco,MAR,1970,40
Bangladesh,BGD,1970,47
Guatemala,GTM,1970,48
Liberia,LBR,1970,49.8
Kenya,KEN,1970,51.3
Togo,TGO,1970,53
Dominican Republic,DOM,1970,54.8
Iraq,IRQ,1970,55
Ghana,GHA,1970,55.6
India,IND,1970,57
Zimbabwe,ZWE,1970,57.4
Cambodia,KHM,1970,58.9
Iran,IRN,1970,60
Kuwait,KWT,1970,61
Brazil,BRA,1970,62
Algeria,DZA,1970,62.9
Democratic Republic of Congo,COD,1970,63
Myanmar,MMR,1970,63
Cameroon,CMR,1970,64
Swaziland,SWZ,1970,64
Nicaragua,NIC,1970,65
Bolivia,BOL,1970,65.3
Egypt,EGY,1970,67
El Salvador,SLV,1970,67
Indonesia,IDN,1970,67
South Africa,ZAF,1970,67
Lesotho,LSO,1970,68
China,CHN,1970,68.2
Colombia,COL,1970,69.2
Syria,SYR,1970,70
Mauritius,MUS,1970,72.8
Honduras,HND,1970,73.1
Thailand,THA,1970,75.6
Tunisia,TUN,1970,76
Peru,PER,1970,77
Venezuela,VEN,1970,77
Cyprus,CYP,1970,77.7
Reunion,REU,1970,77.8
Serbia,SRB,1970,78
Switzerland,CHE,1970,78.3
Ecuador,ECU,1970,79
Panama,PAN,1970,79
Jordan,JOR,1970,79.6
Turkey,TUR,1970,79.7
Zambia,ZMB,1970,80.7
Mexico,MEX,1970,81
Germany,DEU,1970,82.8
Portugal,PRT,1970,83
Guyana,GUY,1970,87
Hong Kong,HKG,1970,87
Malaysia,MYS,1970,87
Trinidad and Tobago,TTO,1970,87
Malta,MLT,1970,88
Costa Rica,CRI,1970,89
Norway,NOR,1970,89
Paraguay,PRY,1970,89
Libya,LBY,1970,90.1
Australia,AUS,1970,91
Barbados,BRB,1970,91
Fiji,FJI,1970,91.3
Austria,AUT,1970,92
Canada,CAN,1970,92
Ireland,IRL,1970,92
Sweden,SWE,1970,92.7
Uruguay,URY,1970,92.7
Chile,CHL,1970,93
Netherlands,NLD,1970,93
Czech Republic,CZE,1970,93.1
Luxembourg,LUX,1970,93.3
Hungary,HUN,1970,94
South Korea,KOR,1970,94
Spain,ESP,1970,94
Albania,ALB,1970,95
Poland,POL,1970,95
Romania,ROU,1970,95
Philippines,PHL,1970,95.7
United States,USA,1970,95.9
Argentina,ARG,1970,96
Belgium,BEL,1970,96
Denmark,DNK,1970,96
Iceland,ISL,1970,96
Taiwan,TWN,1970,96
Sri Lanka,LKA,1970,96.1
Greece,GRC,1970,97
France,FRA,1970,98
United Kingdom,GBR,1970,98
Japan,JPN,1970,99
Belize,BLZ,1970,100
Bulgaria,BGR,1970,100
Cuba,CUB,1970,100
Finland,FIN,1970,100
Italy,ITA,1970,100
Jamaica,JAM,1970,100
New Zealand,NZL,1970,100
Russia,RUS,1970,100
Niger,NER,1975,17
Mali,MLI,1975,18
Afghanistan,AFG,1975,21
Gambia,GMB,1975,21
Yemen,YEM,1975,21.8
Haiti,HTI,1975,29.6
Senegal,SEN,1975,30
Cote d'Ivoire,CIV,1975,31.5
Sierra Leone,SLE,1975,33.2
Uganda,UGA,1975,35
Nepal,NPL,1975,36.2
Pakistan,PAK,1975,38
Benin,BEN,1975,39.2
Malawi,MWI,1975,40
Sudan,SDN,1975,46.5
Morocco,MAR,1975,47
Mozambique,MOZ,1975,49.8
Guatemala,GTM,1975,53
Liberia,LBR,1975,55.2
Zimbabwe,ZWE,1975,56.6
Dominican Republic,DOM,1975,57
Bangladesh,BGD,1975,61
Cambodia,KHM,1975,61.2
Ghana,GHA,1975,61.7
India,IND,1975,61.7
Democratic Republic of Congo,COD,1975,63
Myanmar,MMR,1975,64
Nicaragua,NIC,1975,65
Lesotho,LSO,1975,66
El Salvador,SLV,1975,67.4
South Africa,ZAF,1975,67.7
Kuwait,KWT,1975,68
Cameroon,CMR,1975,69
Brazil,BRA,1975,71
Egypt,EGY,1975,72
Indonesia,IDN,1975,72
United States,USA,1975,72
Togo,TGO,1975,72.5
Bolivia,BOL,1975,73
Honduras,HND,1975,73
Swaziland,SWZ,1975,74
Sri Lanka,LKA,1975,74.8
Colombia,COL,1975,75.6
Thailand,THA,1975,75.6
Tunisia,TUN,1975,75.9
Reunion,REU,1975,76.7
Algeria,DZA,1975,77
Iran,IRN,1975,77.6
Ecuador,ECU,1975,78
Turkey,TUR,1975,78.2
Jordan,JOR,1975,78.7
Iraq,IRQ,1975,79
Serbia,SRB,1975,79
Venezuela,VEN,1975,81
Mauritius,MUS,1975,82
Zambia,ZMB,1975,83
Peru,PER,1975,83.3
Guyana,GUY,1975,84
Kenya,KEN,1975,84
Malta,MLT,1975,84
Switzerland,CHE,1975,84.7
Paraguay,PRY,1975,85
Panama,PAN,1975,87
Portugal,PRT,1975,87
Syria,SYR,1975,87
Trinidad and Tobago,TTO,1975,87
Mexico,MEX,1975,87.6
Germany,DEU,1975,88
Uruguay,URY,1975,88.5
Austria,AUT,1975,89
Jamaica,JAM,1975,90
Canada,CAN,1975,90.6
Romania,ROU,1975,90.7
Ireland,IRL,1975,91
Malaysia,MYS,1975,91
Netherlands,NLD,1975,91
Costa Rica,CRI,1975,92
Hong Kong,HKG,1975,92
Luxembourg,LUX,1975,92
Cyprus,CYP,1975,93
Czech Republic,CZE,1975,94.1
Philippines,PHL,1975,95
Argentina,ARG,1975,96
Australia,AUS,1975,96
Bulgaria,BGR,1975,96
Chile,CHL,1975,96
Poland,POL,1975,96
Russia,RUS,1975,96
Hungary,HUN,1975,96.4
Belgium,BEL,1975,96.5
China,CHN,1975,96.5
Greece,GRC,1975,97
Taiwan,TWN,1975,97
France,FRA,1975,98
Italy,ITA,1975,98
United Kingdom,GBR,1975,98
Iceland,ISL,1975,99
Japan,JPN,1975,99
South Korea,KOR,1975,99
Albania,ALB,1975,100
Barbados,BRB,1975,100
Belize,BLZ,1975,100
Cuba,CUB,1975,100
Denmark,DNK,1975,100
Fiji,FJI,1975,100
Finland,FIN,1975,100
Libya,LBY,1975,100
New Zealand,NZL,1975,100
Norway,NOR,1975,100
Spain,ESP,1975,100
Sweden,SWE,1975,100
Mali,MLI,1980,17
Niger,NER,1980,21
Afghanistan,AFG,1980,29
Haiti,HTI,1980,33
Yemen,YEM,1980,35.2
Pakistan,PAK,1980,35.5
Mozambique,MOZ,1980,36
Senegal,SEN,1980,37
Cote d'Ivoire,CIV,1980,37.3
Sierra Leone,SLE,1980,38.2
Uganda,UGA,1980,39
Malawi,MWI,1980,44
Gambia,GMB,1980,50
Sudan,SDN,1980,50
Benin,BEN,1980,50.2
Bangladesh,BGD,1980,53.8
Guatemala,GTM,1980,58
Morocco,MAR,1980,58
Nepal,NPL,1980,58.8
Dominican Republic,DOM,1980,62.5
India,IND,1980,63.2
Ghana,GHA,1980,63.4
Cambodia,KHM,1980,63.5
Lesotho,LSO,1980,66
El Salvador,SLV,1980,66.5
Democratic Republic of Congo,COD,1980,66.9
Liberia,LBR,1980,67.6
South Africa,ZAF,1980,67.7
Zimbabwe,ZWE,1980,68.2
Turkey,TUR,1980,70.2
Myanmar,MMR,1980,72.8
Iran,IRN,1980,73.7
Nicaragua,NIC,1980,74
Cameroon,CMR,1980,75.4
Honduras,HND,1980,76
Bolivia,BOL,1980,77
Luxembourg,LUX,1980,78.3
Reunion,REU,1980,78.8
Serbia,SRB,1980,80
China,CHN,1980,80.4
Algeria,DZA,1980,81
Brazil,BRA,1980,81
Egypt,EGY,1980,81.9
Germany,DEU,1980,82
Colombia,COL,1980,82.1
Swaziland,SWZ,1980,83
Tunisia,TUN,1980,83
Zambia,ZMB,1980,84
Kuwait,KWT,1980,85
Kenya,KEN,1980,86
Peru,PER,1980,86
Venezuela,VEN,1980,86
Ecuador,ECU,1980,86.2
Romania,ROU,1980,86.5
Austria,AUT,1980,87
Malta,MLT,1980,87
Paraguay,PRY,1980,87
Uruguay,URY,1980,87.7
Indonesia,IDN,1980,88
Panama,PAN,1980,88
Trinidad and Tobago,TTO,1980,88
Guyana,GUY,1980,88.4
Togo,TGO,1980,88.4
Costa Rica,CRI,1980,90
Ireland,IRL,1980,90
Thailand,THA,1980,90.1
Czech Republic,CZE,1980,90.2
Argentina,ARG,1980,90.6
Syria,SYR,1980,91
Switzerland,CHE,1980,92.1
Cyprus,CYP,1980,93
Jordan,JOR,1980,93
Mauritius,MUS,1980,93
Netherlands,NLD,1980,93
Canada,CAN,1980,93.8
Jamaica,JAM,1980,94
Philippines,PHL,1980,94
United States,USA,1980,94
Hong Kong,HKG,1980,95
Hungary,HUN,1980,95
Malaysia,MYS,1980,95
Sri Lanka,LKA,1980,95.1
Barbados,BRB,1980,96
Bulgaria,BGR,1980,96
Denmark,DNK,1980,96
Finland,FIN,1980,96
Greece,GRC,1980,96
United Kingdom,GBR,1980,96
Sweden,SWE,1980,96.4
Italy,ITA,1980,96.7
Belgium,BEL,1980,97
Portugal,PRT,1980,97
Cuba,CUB,1980,98
Iceland,ISL,1980,98
Norway,NOR,1980,98
Poland,POL,1980,98
Taiwan,TWN,1980,98
Chile,CHL,1980,98.1
Mexico,MEX,1980,99.3
Albania,ALB,1980,100
Australia,AUS,1980,100
Belize,BLZ,1980,100
Fiji,FJI,1980,100
France,FRA,1980,100
Iraq,IRQ,1980,100
Japan,JPN,1980,100
Libya,LBY,1980,100
New Zealand,NZL,1980,100
Russia,RUS,1980,100
South Korea,KOR,1980,100
Spain,ESP,1980,100
Afghanistan,AFG,1985,15
Mali,MLI,1985,15
Niger,NER,1985,27
Liberia,LBR,1985,35.6
Pakistan,PAK,1985,37.1
Cote d'Ivoire,CIV,1985,43.6
Haiti,HTI,1985,44
Senegal,SEN,1985,44
Malawi,MWI,1985,46
Mozambique,MOZ,1985,49
Sudan,SDN,1985,50
Benin,BEN,1985,51
Sierra Leone,SLE,1985,51.8
Yemen,YEM,1985,52.5
Bangladesh,BGD,1985,54
Uganda,UGA,1985,55.7
Nepal,NPL,1985,56
Ghana,GHA,1985,57.3
El Salvador,SLV,1985,62.9
Democratic Republic of Congo,COD,1985,63.7
Guatemala,GTM,1985,63.9
Morocco,MAR,1985,64
Cambodia,KHM,1985,65.9
Togo,TGO,1985,67
Dominican Republic,DOM,1985,68
Gambia,GMB,1985,68
South Africa,ZAF,1985,68.4
Lesotho,LSO,1985,72
Colombia,COL,1985,75
India,IND,1985,75
Nicaragua,NIC,1985,76
Luxembourg,LUX,1985,76.7
Kenya,KEN,1985,77.7
Serbia,SRB,1985,78
Bolivia,BOL,1985,79
Cameroon,CMR,1985,79
Myanmar,MMR,1985,79.2
Germany,DEU,1985,81
Ireland,IRL,1985,81
Brazil,BRA,1985,82
Reunion,REU,1985,83
Romania,ROU,1985,83.1
Egypt,EGY,1985,83.8
Turkey,TUR,1985,84
Kuwait,KWT,1985,85
Swaziland,SWZ,1985,85
Algeria,DZA,1985,86
Austria,AUT,1985,86
Iraq,IRQ,1985,86
Paraguay,PRY,1985,86
Venezuela,VEN,1985,86
Libya,LBY,1985,86.2
Costa Rica,CRI,1985,87
Ecuador,ECU,1985,87
Honduras,HND,1985,87
Zambia,ZMB,1985,87
Cyprus,CYP,1985,88
Thailand,THA,1985,88.3
Malta,MLT,1985,89
Panama,PAN,1985,89
Trinidad and Tobago,TTO,1985,90
Uruguay,URY,1985,91
Guyana,GUY,1985,91.1
Jordan,JOR,1985,91.6
Portugal,PRT,1985,91.7
Iran,IRN,1985,92
Switzerland,CHE,1985,92.1
South Korea,KOR,1985,93
Albania,ALB,1985,93.6
Jamaica,JAM,1985,93.7
Belgium,BEL,1985,94
Chile,CHL,1985,94.1
Barbados,BRB,1985,94.8
China,CHN,1985,95
Cuba,CUB,1985,95
Hong Kong,HKG,1985,95
Philippines,PHL,1985,95
Tunisia,TUN,1985,95
United States,USA,1985,96
Australia,AUS,1985,97
Bulgaria,BGR,1985,97
Canada,CAN,1985,97
Czech Republic,CZE,1985,97
Hungary,HUN,1985,97
Iceland,ISL,1985,97
Italy,ITA,1985,97
Mauritius,MUS,1985,97
Norway,NOR,1985,97
Peru,PER,1985,97
Syria,SYR,1985,97
United Kingdom,GBR,1985,97
Sweden,SWE,1985,97.7
Argentina,ARG,1985,97.8
Denmark,DNK,1985,98
France,FRA,1985,98
Mexico,MEX,1985,98
Spain,ESP,1985,98
Taiwan,TWN,1985,98
Greece,GRC,1985,98.8
Indonesia,IDN,1985,99
Malaysia,MYS,1985,99
Poland,POL,1985,99
Belize,BLZ,1985,100
Fiji,FJI,1985,100
Finland,FIN,1985,100
Japan,JPN,1985,100
Netherlands,NLD,1985,100
New Zealand,NZL,1985,100
Russia,RUS,1985,100
Sri Lanka,LKA,1985,100
Zimbabwe,ZWE,1985,100
Mali,MLI,1990,19
Afghanistan,AFG,1990,19.4
Niger,NER,1990,25
Haiti,HTI,1990,26
Pakistan,PAK,1990,38
Sierra Leone,SLE,1990,40.8
Mozambique,MOZ,1990,44
Benin,BEN,1990,45
Malawi,MWI,1990,48
Senegal,SEN,1990,48
Cote d'Ivoire,CIV,1990,50
Sudan,SDN,1990,50
Gambia,GMB,1990,52
Democratic Republic of Congo,COD,1990,54
Liberia,LBR,1990,55
Uganda,UGA,1990,56.5
Morocco,MAR,1990,57
Yemen,YEM,1990,57
Guatemala,GTM,1990,66.4
Ghana,GHA,1990,66.9
Cambodia,KHM,1990,68.2
Bangladesh,BGD,1990,69
Kuwait,KWT,1990,69.8
Lesotho,LSO,1990,70
Nepal,NPL,1990,70.2
El Salvador,SLV,1990,71
South Africa,ZAF,1990,73.8
Colombia,COL,1990,74
Dominican Republic,DOM,1990,75
Luxembourg,LUX,1990,75
Cameroon,CMR,1990,76
Nicaragua,NIC,1990,76
Togo,TGO,1990,76
Serbia,SRB,1990,76.4
India,IND,1990,76.5
Romania,ROU,1990,78
Kenya,KEN,1990,78.6
Bolivia,BOL,1990,81
Zambia,ZMB,1990,81
Bulgaria,BGR,1990,84
Myanmar,MMR,1990,84
Swaziland,SWZ,1990,85
Russia,RUS,1990,86.1
Reunion,REU,1990,86.5
Chile,CHL,1990,87
Costa Rica,CRI,1990,87
Hungary,HUN,1990,87
Algeria,DZA,1990,88
Brazil,BRA,1990,88
Ecuador,ECU,1990,88.5
Germany,DEU,1990,89
Venezuela,VEN,1990,89
Trinidad and Tobago,TTO,1990,90
Zimbabwe,ZWE,1990,90.7
Austria,AUT,1990,91
Ireland,IRL,1990,91
Jordan,JOR,1990,91
Uruguay,URY,1990,91
Albania,ALB,1990,91.4
Mauritius,MUS,1990,92
Panama,PAN,1990,92
Czech Republic,CZE,1990,92.1
Italy,ITA,1990,92.1
Greece,GRC,1990,93
Honduras,HND,1990,93
Libya,LBY,1990,93
Malaysia,MYS,1990,93
Switzerland,CHE,1990,93
Cuba,CUB,1990,94
Iran,IRN,1990,94
Iraq,IRQ,1990,94
Netherlands,NLD,1990,95
Paraguay,PRY,1990,95
Barbados,BRB,1990,96
Belgium,BEL,1990,96
Denmark,DNK,1990,96
Tunisia,TUN,1990,96
Poland,POL,1990,97
Portugal,PRT,1990,97
United Kingdom,GBR,1990,97
Hong Kong,HKG,1990,97.7
Australia,AUS,1990,98
Canada,CAN,1990,98
China,CHN,1990,98
Indonesia,IDN,1990,98
Taiwan,TWN,1990,98
United States,USA,1990,98
Finland,FIN,1990,99
Guyana,GUY,1990,99
Malta,MLT,1990,99
Norway,NOR,1990,99
Sweden,SWE,1990,99
Syria,SYR,1990,99
Egypt,EGY,1990,99.6
Argentina,ARG,1990,100
Belize,BLZ,1990,100
Cyprus,CYP,1990,100
Fiji,FJI,1990,100
France,FRA,1990,100
Iceland,ISL,1990,100
Jamaica,JAM,1990,100
Japan,JPN,1990,100
Mexico,MEX,1990,100
New Zealand,NZL,1990,100
Peru,PER,1990,100
Philippines,PHL,1990,100
South Korea,KOR,1990,100
Spain,ESP,1990,100
Sri Lanka,LKA,1990,100
Thailand,THA,1990,100
Turkey,TUR,1990,100
Mali,MLI,1995,24.8
Niger,NER,1995,24.9
Haiti,HTI,1995,26
Sierra Leone,SLE,1995,40.8
Mozambique,MOZ,1995,43.8
Afghanistan,AFG,1995,46.1
Sudan,SDN,1995,52
Cote d'Ivoire,CIV,1995,52.4
Yemen,YEM,1995,52.5
Benin,BEN,1995,53.3
Senegal,SEN,1995,54.6
Liberia,LBR,1995,60
Democratic Republic of Congo,COD,1995,61
Pakistan,PAK,1995,61
Cameroon,CMR,1995,62.5
Uganda,UGA,1995,62.8
Gambia,GMB,1995,63.1
Ghana,GHA,1995,66.9
Iraq,IRQ,1995,68.8
Bangladesh,BGD,1995,69
Morocco,MAR,1995,70.6
Serbia,SRB,1995,70.6
Kuwait,KWT,1995,70.8
Guatemala,GTM,1995,73.1
Kenya,KEN,1995,73.9
Cambodia,KHM,1995,74.3
Togo,TGO,1995,74.3
Lesotho,LSO,1995,78
Myanmar,MMR,1995,79
South Africa,ZAF,1995,79.2
Venezuela,VEN,1995,80.1
Bolivia,BOL,1995,81
El Salvador,SLV,1995,81
Iran,IRN,1995,81.9
Thailand,THA,1995,84.4
Colombia,COL,1995,85
Dominican Republic,DOM,1995,85.5
Belgium,BEL,1995,86.5
Nepal,NPL,1995,86.9
Zambia,ZMB,1995,87.2
Guyana,GUY,1995,89.3
Jordan,JOR,1995,89.3
Reunion,REU,1995,89.5
Zimbabwe,ZWE,1995,90.7
Ireland,IRL,1995,91
Malaysia,MYS,1995,91
Peru,PER,1995,91
Nicaragua,NIC,1995,91.3
Albania,ALB,1995,91.4
Ecuador,ECU,1995,92
Egypt,EGY,1995,92
Chile,CHL,1995,92.1
Czech Republic,CZE,1995,92.1
Bulgaria,BGR,1995,92.2
Tunisia,TUN,1995,92.8
Trinidad and Tobago,TTO,1995,93.1
Canada,CAN,1995,93.4
Syria,SYR,1995,93.9
Greece,GRC,1995,94
Hong Kong,HKG,1995,94.1
Poland,POL,1995,94.1
Brazil,BRA,1995,94.8
South Korea,KOR,1995,95
Swaziland,SWZ,1995,95
Uruguay,URY,1995,95
Costa Rica,CRI,1995,95.2
Panama,PAN,1995,95.4
Libya,LBY,1995,95.6
Barbados,BRB,1995,96
India,IND,1995,96
Romania,ROU,1995,96
United States,USA,1995,96.1
Austria,AUT,1995,97
Hungary,HUN,1995,97
Iceland,ISL,1995,97
Indonesia,IDN,1995,97
Algeria,DZA,1995,97.4
Honduras,HND,1995,97.7
Turkey,TUR,1995,97.7
Luxembourg,LUX,1995,97.8
Italy,ITA,1995,98
Taiwan,TWN,1995,98
Mauritius,MUS,1995,98.4
Belize,BLZ,1995,99
China,CHN,1995,99
Cuba,CUB,1995,99
Fiji,FJI,1995,99
Netherlands,NLD,1995,99
Norway,NOR,1995,99
Paraguay,PRY,1995,99.2
Australia,AUS,1995,99.8
Argentina,ARG,1995,100
Cyprus,CYP,1995,100
Denmark,DNK,1995,100
Finland,FIN,1995,100
France,FRA,1995,100
Germany,DEU,1995,100
Jamaica,JAM,1995,100
Japan,JPN,1995,100
Malawi,MWI,1995,100
Malta,MLT,1995,100
Mexico,MEX,1995,100
New Zealand,NZL,1995,100
Philippines,PHL,1995,100
Portugal,PRT,1995,100
Russia,RUS,1995,100
Spain,ESP,1995,100
Sri Lanka,LKA,1995,100
Sweden,SWE,1995,100
Switzerland,CHE,1995,100
United Kingdom,GBR,1995,100
Afghanistan,AFG,2000,17.6
Niger,NER,2000,29.9
Sudan,SDN,2000,43.5
Democratic Republic of Congo,COD,2000,44.8
Mali,MLI,2000,51.2
Mozambique,MOZ,2000,56.6
Cote d'Ivoire,CIV,2000,58.4
Senegal,SEN,2000,58.7
Sierra Leone,SLE,2000,60.5
Cameroon,CMR,2000,60.9
Benin,BEN,2000,64.9
Yemen,YEM,2000,65.2
Pakistan,PAK,2000,67.9
Zambia,ZMB,2000,78.8
Swaziland,SWZ,2000,79.7
Cambodia,KHM,2000,80.3
Morocco,MAR,2000,80.6
Ghana,GHA,2000,81.7
Gambia,GMB,2000,82.3
Togo,TGO,2000,82.5
Iraq,IRQ,2000,84.2
Algeria,DZA,2000,88.4
Guatemala,GTM,2000,88.9
Romania,ROU,2000,89.9
Kenya,KEN,2000,90.4
Reunion,REU,2000,91.9
India,IND,2000,92
Jamaica,JAM,2000,92.1
Barbados,BRB,2000,94
Malta,MLT,2000,94.1
Venezuela,VEN,2000,94.2
Thailand,THA,2000,94.5
Nepal,NPL,2000,94.7
Australia,AUS,2000,95
Luxembourg,LUX,2000,95
Egypt,EGY,2000,95.4
Iran,IRN,2000,95.6
Nicaragua,NIC,2000,95.8
Bangladesh,BGD,2000,95.9
Greece,GRC,2000,96
New Zealand,NZL,2000,96
Lesotho,LSO,2000,96.4
Trinidad and Tobago,TTO,2000,96.7
Cyprus,CYP,2000,97
El Salvador,SLV,2000,97.1
Hong Kong,HKG,2000,97.1
Libya,LBY,2000,97.1
Belgium,BEL,2000,97.2
Tunisia,TUN,2000,97.3
Haiti,HTI,2000,97.4
Honduras,HND,2000,97.4
Myanmar,MMR,2000,97.5
South Africa,ZAF,2000,97.6
Albania,ALB,2000,98
Chile,CHL,2000,98
Malaysia,MYS,2000,98
Poland,POL,2000,98.2
Panama,PAN,2000,98.7
Fiji,FJI,2000,98.8
Hungary,HUN,2000,98.9
Turkey,TUR,2000,98.9
Canada,CAN,2000,99
Netherlands,NLD,2000,99
Taiwan,TWN,2000,99
Uruguay,URY,2000,99.3
Mexico,MEX,2000,99.4
Cuba,CUB,2000,99.6
France,FRA,2000,99.7
Argentina,ARG,2000,100
Austria,AUT,2000,100
Belize,BLZ,2000,100
Bolivia,BOL,2000,100
Brazil,BRA,2000,100
Bulgaria,BGR,2000,100
China,CHN,2000,100
Colombia,COL,2000,100
Costa Rica,CRI,2000,100
Czech Republic,CZE,2000,100
Denmark,DNK,2000,100
Dominican Republic,DOM,2000,100
Ecuador,ECU,2000,100
Finland,FIN,2000,100
Germany,DEU,2000,100
Guyana,GUY,2000,100
Iceland,ISL,2000,100
Indonesia,IDN,2000,100
Ireland,IRL,2000,100
Italy,ITA,2000,100
Japan,JPN,2000,100
Jordan,JOR,2000,100
Kuwait,KWT,2000,100
Liberia,LBR,2000,100
Malawi,MWI,2000,100
Mauritius,MUS,2000,100
Norway,NOR,2000,100
Paraguay,PRY,2000,100
Peru,PER,2000,100
Philippines,PHL,2000,100
Portugal,PRT,2000,100
Russia,RUS,2000,100
Serbia,SRB,2000,100
South Korea,KOR,2000,100
Spain,ESP,2000,100
Sri Lanka,LKA,2000,100
Sweden,SWE,2000,100
Switzerland,CHE,2000,100
Syria,SYR,2000,100
Uganda,UGA,2000,100
United Kingdom,GBR,2000,100
United States,USA,2000,100
Zimbabwe,ZWE,2000,100
Niger,NER,2005,47.3
Sudan,SDN,2005,54.1
Cote d'Ivoire,CIV,2005,56.6
Mali,MLI,2005,65.1
Senegal,SEN,2005,71.4
Cameroon,CMR,2005,74
Democratic Republic of Congo,COD,2005,78.2
Sierra Leone,SLE,2005,80.3
Pakistan,PAK,2005,81.4
Afghanistan,AFG,2005,82.3
Benin,BEN,2005,82.4
Yemen,YEM,2005,84.6
Ghana,GHA,2005,84.8
Gambia,GMB,2005,85.2
Swaziland,SWZ,2005,85.2
Togo,TGO,2005,87.1
Liberia,LBR,2005,87.4
Bangladesh,BGD,2005,88.9
Thailand,THA,2005,89
Mozambique,MOZ,2005,90.5
Barbados,BRB,2005,91
Morocco,MAR,2005,91.6
Nepal,NPL,2005,92.3
Lesotho,LSO,2005,93
Jamaica,JAM,2005,93.3
Reunion,REU,2005,93.8
Trinidad and Tobago,TTO,2005,93.8
Malta,MLT,2005,94.5
Russia,RUS,2005,94.5
Algeria,DZA,2005,95
Australia,AUS,2005,95
Hong Kong,HKG,2005,95.2
Iraq,IRQ,2005,95.7
Hungary,HUN,2005,95.9
Sweden,SWE,2005,96
Poland,POL,2005,96.3
Dominican Republic,DOM,2005,96.5
Luxembourg,LUX,2005,96.6
New Zealand,NZL,2005,97
Zimbabwe,ZWE,2005,97
Sri Lanka,LKA,2005,97.2
Mexico,MEX,2005,97.3
Albania,ALB,2005,97.8
Belgium,BEL,2005,97.8
Venezuela,VEN,2005,97.9
Iceland,ISL,2005,98
Netherlands,NLD,2005,98
Taiwan,TWN,2005,98
Libya,LBY,2005,98.1
Haiti,HTI,2005,98.4
Cuba,CUB,2005,98.5
South Africa,ZAF,2005,98.5
Bulgaria,BGR,2005,98.6
Iran,IRN,2005,98.6
Austria,AUT,2005,98.8
Czech Republic,CZE,2005,98.9
Guatemala,GTM,2005,98.9
Denmark,DNK,2005,99
Finland,FIN,2005,99
Norway,NOR,2005,99
Panama,PAN,2005,99.1
Canada,CAN,2005,99.2
Argentina,ARG,2005,100
Belize,BLZ,2005,100
Bolivia,BOL,2005,100
Brazil,BRA,2005,100
Cambodia,KHM,2005,100
Chile,CHL,2005,100
China,CHN,2005,100
Colombia,COL,2005,100
Costa Rica,CRI,2005,100
Cyprus,CYP,2005,100
Ecuador,ECU,2005,100
Egypt,EGY,2005,100
El Salvador,SLV,2005,100
Fiji,FJI,2005,100
France,FRA,2005,100
Germany,DEU,2005,100
Greece,GRC,2005,100
Guyana,GUY,2005,100
Honduras,HND,2005,100
India,IND,2005,100
Indonesia,IDN,2005,100
Ireland,IRL,2005,100
Italy,ITA,2005,100
Japan,JPN,2005,100
Jordan,JOR,2005,100
Kenya,KEN,2005,100
Kuwait,KWT,2005,100
Malawi,MWI,2005,100
Malaysia,MYS,2005,100
Mauritius,MUS,2005,100
Myanmar,MMR,2005,100
Nicaragua,NIC,2005,100
Paraguay,PRY,2005,100
Peru,PER,2005,100
Philippines,PHL,2005,100
Portugal,PRT,2005,100
Romania,ROU,2005,100
Serbia,SRB,2005,100
South Korea,KOR,2005,100
Spain,ESP,2005,100
Switzerland,CHE,2005,100
Syria,SYR,2005,100
Tunisia,TUN,2005,100
Turkey,TUR,2005,100
Uganda,UGA,2005,100
United Kingdom,GBR,2005,100
United States,USA,2005,100
Uruguay,URY,2005,100
Zambia,ZMB,2005,100
Sudan,SDN,2010,60.4
Niger,NER,2010,62.1
Cote d'Ivoire,CIV,2010,65
Mali,MLI,2010,78.4
Senegal,SEN,2010,78.7
Gambia,GMB,2010,82.5
Guyana,GUY,2010,82.6
Afghanistan,AFG,2010,83.2
Yemen,YEM,2010,86
Lesotho,LSO,2010,88
Thailand,THA,2010,88.1
Democratic Republic of Congo,COD,2010,88.5
Pakistan,PAK,2010,90.9
Bangladesh,BGD,2010,91
Cameroon,CMR,2010,92.1
Bolivia,BOL,2010,92.3
Paraguay,PRY,2010,92.4
Luxembourg,LUX,2010,93.3
Malta,MLT,2010,94.2
Liberia,LBR,2010,94.5
Jamaica,JAM,2010,94.6
Romania,ROU,2010,95.3
Reunion,REU,2010,95.4
Serbia,SRB,2010,95.5
Australia,AUS,2010,96
Barbados,BRB,2010,96
Panama,PAN,2010,96.4
Iraq,IRQ,2010,97.1
Hong Kong,HKG,2010,97.2
Poland,POL,2010,97.2
Austria,AUT,2010,97.5
Chile,CHL,2010,98
New Zealand,NZL,2010,98
Sri Lanka,LKA,2010,98.3
Zimbabwe,ZWE,2010,98.3
Jordan,JOR,2010,98.4
Russia,RUS,2010,98.4
Albania,ALB,2010,98.5
South Africa,ZAF,2010,98.5
Swaziland,SWZ,2010,98.5
Libya,LBY,2010,98.9
Finland,FIN,2010,99
Iceland,ISL,2010,99
Norway,NOR,2010,99
Taiwan,TWN,2010,99
United States,USA,2010,99
Haiti,HTI,2010,99.1
Dominican Republic,DOM,2010,99.2
Venezuela,VEN,2010,99.2
Trinidad and Tobago,TTO,2010,99.3
Canada,CAN,2010,99.4
Algeria,DZA,2010,100
Argentina,ARG,2010,100
Belgium,BEL,2010,100
Belize,BLZ,2010,100
Benin,BEN,2010,100
Brazil,BRA,2010,100
Bulgaria,BGR,2010,100
Cambodia,KHM,2010,100
China,CHN,2010,100
Colombia,COL,2010,100
Costa Rica,CRI,2010,100
Cuba,CUB,2010,100
Cyprus,CYP,2010,100
Czech Republic,CZE,2010,100
Denmark,DNK,2010,100
Ecuador,ECU,2010,100
Egypt,EGY,2010,100
El Salvador,SLV,2010,100
Fiji,FJI,2010,100
France,FRA,2010,100
Germany,DEU,2010,100
Ghana,GHA,2010,100
Greece,GRC,2010,100
Guatemala,GTM,2010,100
Honduras,HND,2010,100
Hungary,HUN,2010,100
India,IND,2010,100
Indonesia,IDN,2010,100
Iran,IRN,2010,100
Ireland,IRL,2010,100
Italy,ITA,2010,100
Japan,JPN,2010,100
Kenya,KEN,2010,100
Kuwait,KWT,2010,100
Malawi,MWI,2010,100
Malaysia,MYS,2010,100
Mauritius,MUS,2010,100
Mexico,MEX,2010,100
Morocco,MAR,2010,100
Mozambique,MOZ,2010,100
Myanmar,MMR,2010,100
Nepal,NPL,2010,100
Netherlands,NLD,2010,100
Nicaragua,NIC,2010,100
Peru,PER,2010,100
Philippines,PHL,2010,100
Portugal,PRT,2010,100
Sierra Leone,SLE,2010,100
South Korea,KOR,2010,100
Spain,ESP,2010,100
Sweden,SWE,2010,100
Switzerland,CHE,2010,100
Syria,SYR,2010,100
Togo,TGO,2010,100
Tunisia,TUN,2010,100
Turkey,TUR,2010,100
Uganda,UGA,2010,100
United Kingdom,GBR,2010,100
Uruguay,URY,2010,100
Zambia,ZMB,2010,100
